operation,kind,inputs,outputs,input_dimensions_um,output_dimensions_um,settings_json
maple-1-separate,cut,maple-1,maple-1-window;maple-1-reserve,"[108000, 419000, 33000]","{""maple-1-reserve"": [108000, 21000, 33000], ""maple-1-window"": [108000, 395000, 33000]}","{""axis"": 1, ""category"": ""other_offcuts"", ""kerf_um"": 3000, ""kerf_volume_um3"": 10692000000000, ""retained_side"": ""min"", ""retained_um"": 395000, ""tool"": ""saw""}"
maple-1-end-min,cut,maple-1-window,maple-1-end1;maple-1-end-min-off,"[108000, 395000, 33000]","{""maple-1-end-min-off"": [108000, 8000, 33000], ""maple-1-end1"": [108000, 384000, 33000]}","{""axis"": 1, ""category"": ""trim"", ""kerf_um"": 3000, ""kerf_volume_um3"": 10692000000000, ""retained_side"": ""max"", ""retained_um"": 384000, ""tool"": ""saw""}"
maple-1-end-max,cut,maple-1-end1,maple-1-blank;maple-1-end-max-off,"[108000, 384000, 33000]","{""maple-1-blank"": [108000, 370000, 33000], ""maple-1-end-max-off"": [108000, 11000, 33000]}","{""axis"": 1, ""category"": ""trim"", ""kerf_um"": 3000, ""kerf_volume_um3"": 10692000000000, ""retained_side"": ""min"", ""retained_um"": 370000, ""tool"": ""saw""}"
maple-1-zmin,surface,maple-1-blank,maple-1-z1;maple-1-zmin-loss,"[108000, 370000, 33000]","{""maple-1-z1"": [108000, 370000, 30000], ""maple-1-zmin-loss"": [108000, 370000, 3000]}","{""amount_um"": 3000, ""axis"": 2, ""category"": ""milling"", ""process"": ""thickness_planer"", ""side"": ""min""}"
maple-1-zmax,surface,maple-1-z1,maple-1-z2;maple-1-zmax-loss,"[108000, 370000, 30000]","{""maple-1-z2"": [108000, 370000, 27000], ""maple-1-zmax-loss"": [108000, 370000, 3000]}","{""amount_um"": 3000, ""axis"": 2, ""category"": ""milling"", ""process"": ""thickness_planer"", ""side"": ""max""}"
maple-1-xmin,surface,maple-1-z2,maple-1-x1;maple-1-xmin-loss,"[108000, 370000, 27000]","{""maple-1-x1"": [107000, 370000, 27000], ""maple-1-xmin-loss"": [1000, 370000, 27000]}","{""amount_um"": 1000, ""axis"": 0, ""category"": ""milling"", ""process"": ""jointer"", ""side"": ""min""}"
maple-1-xmax,surface,maple-1-x1,maple-1-x2;maple-1-xmax-loss,"[107000, 370000, 27000]","{""maple-1-x2"": [106000, 370000, 27000], ""maple-1-xmax-loss"": [1000, 370000, 27000]}","{""amount_um"": 1000, ""axis"": 0, ""category"": ""milling"", ""process"": ""jointer"", ""side"": ""max""}"
maple-1-rip,cut,maple-1-x2,maple-1-pre;maple-1-rip-off,"[106000, 370000, 27000]","{""maple-1-pre"": [26000, 370000, 27000], ""maple-1-rip-off"": [77000, 370000, 27000]}","{""axis"": 0, ""category"": ""other_offcuts"", ""kerf_um"": 3000, ""kerf_volume_um3"": 29970000000000, ""retained_side"": ""min"", ""retained_um"": 26000, ""tool"": ""saw""}"
maple-1-joint,surface,maple-1-pre,panel-1-strip-0;maple-1-joint-loss,"[26000, 370000, 27000]","{""maple-1-joint-loss"": [1000, 370000, 27000], ""panel-1-strip-0"": [25000, 370000, 27000]}","{""amount_um"": 1000, ""axis"": 0, ""category"": ""milling"", ""process"": ""jointer"", ""side"": ""max""}"
maple-2-separate,cut,maple-2,maple-2-window;maple-2-reserve,"[108000, 419000, 33000]","{""maple-2-reserve"": [108000, 21000, 33000], ""maple-2-window"": [108000, 395000, 33000]}","{""axis"": 1, ""category"": ""other_offcuts"", ""kerf_um"": 3000, ""kerf_volume_um3"": 10692000000000, ""retained_side"": ""min"", ""retained_um"": 395000, ""tool"": ""saw""}"
maple-2-end-min,cut,maple-2-window,maple-2-end1;maple-2-end-min-off,"[108000, 395000, 33000]","{""maple-2-end-min-off"": [108000, 8000, 33000], ""maple-2-end1"": [108000, 384000, 33000]}","{""axis"": 1, ""category"": ""trim"", ""kerf_um"": 3000, ""kerf_volume_um3"": 10692000000000, ""retained_side"": ""max"", ""retained_um"": 384000, ""tool"": ""saw""}"
maple-2-end-max,cut,maple-2-end1,maple-2-blank;maple-2-end-max-off,"[108000, 384000, 33000]","{""maple-2-blank"": [108000, 370000, 33000], ""maple-2-end-max-off"": [108000, 11000, 33000]}","{""axis"": 1, ""category"": ""trim"", ""kerf_um"": 3000, ""kerf_volume_um3"": 10692000000000, ""retained_side"": ""min"", ""retained_um"": 370000, ""tool"": ""saw""}"
maple-2-zmin,surface,maple-2-blank,maple-2-z1;maple-2-zmin-loss,"[108000, 370000, 33000]","{""maple-2-z1"": [108000, 370000, 30000], ""maple-2-zmin-loss"": [108000, 370000, 3000]}","{""amount_um"": 3000, ""axis"": 2, ""category"": ""milling"", ""process"": ""thickness_planer"", ""side"": ""min""}"
maple-2-zmax,surface,maple-2-z1,maple-2-z2;maple-2-zmax-loss,"[108000, 370000, 30000]","{""maple-2-z2"": [108000, 370000, 27000], ""maple-2-zmax-loss"": [108000, 370000, 3000]}","{""amount_um"": 3000, ""axis"": 2, ""category"": ""milling"", ""process"": ""thickness_planer"", ""side"": ""max""}"
maple-2-xmin,surface,maple-2-z2,maple-2-x1;maple-2-xmin-loss,"[108000, 370000, 27000]","{""maple-2-x1"": [107000, 370000, 27000], ""maple-2-xmin-loss"": [1000, 370000, 27000]}","{""amount_um"": 1000, ""axis"": 0, ""category"": ""milling"", ""process"": ""jointer"", ""side"": ""min""}"
maple-2-xmax,surface,maple-2-x1,maple-2-x2;maple-2-xmax-loss,"[107000, 370000, 27000]","{""maple-2-x2"": [106000, 370000, 27000], ""maple-2-xmax-loss"": [1000, 370000, 27000]}","{""amount_um"": 1000, ""axis"": 0, ""category"": ""milling"", ""process"": ""jointer"", ""side"": ""max""}"
maple-2-rip,cut,maple-2-x2,maple-2-pre;maple-2-rip-off,"[106000, 370000, 27000]","{""maple-2-pre"": [26000, 370000, 27000], ""maple-2-rip-off"": [77000, 370000, 27000]}","{""axis"": 0, ""category"": ""other_offcuts"", ""kerf_um"": 3000, ""kerf_volume_um3"": 29970000000000, ""retained_side"": ""min"", ""retained_um"": 26000, ""tool"": ""saw""}"
maple-2-joint,surface,maple-2-pre,panel-1-strip-1;maple-2-joint-loss,"[26000, 370000, 27000]","{""maple-2-joint-loss"": [1000, 370000, 27000], ""panel-1-strip-1"": [25000, 370000, 27000]}","{""amount_um"": 1000, ""axis"": 0, ""category"": ""milling"", ""process"": ""jointer"", ""side"": ""max""}"
maple-3-separate,cut,maple-3,maple-3-window;maple-3-reserve,"[108000, 419000, 33000]","{""maple-3-reserve"": [108000, 21000, 33000], ""maple-3-window"": [108000, 395000, 33000]}","{""axis"": 1, ""category"": ""other_offcuts"", ""kerf_um"": 3000, ""kerf_volume_um3"": 10692000000000, ""retained_side"": ""min"", ""retained_um"": 395000, ""tool"": ""saw""}"
maple-3-end-min,cut,maple-3-window,maple-3-end1;maple-3-end-min-off,"[108000, 395000, 33000]","{""maple-3-end-min-off"": [108000, 8000, 33000], ""maple-3-end1"": [108000, 384000, 33000]}","{""axis"": 1, ""category"": ""trim"", ""kerf_um"": 3000, ""kerf_volume_um3"": 10692000000000, ""retained_side"": ""max"", ""retained_um"": 384000, ""tool"": ""saw""}"
maple-3-end-max,cut,maple-3-end1,maple-3-blank;maple-3-end-max-off,"[108000, 384000, 33000]","{""maple-3-blank"": [108000, 370000, 33000], ""maple-3-end-max-off"": [108000, 11000, 33000]}","{""axis"": 1, ""category"": ""trim"", ""kerf_um"": 3000, ""kerf_volume_um3"": 10692000000000, ""retained_side"": ""min"", ""retained_um"": 370000, ""tool"": ""saw""}"
maple-3-zmin,surface,maple-3-blank,maple-3-z1;maple-3-zmin-loss,"[108000, 370000, 33000]","{""maple-3-z1"": [108000, 370000, 30000], ""maple-3-zmin-loss"": [108000, 370000, 3000]}","{""amount_um"": 3000, ""axis"": 2, ""category"": ""milling"", ""process"": ""thickness_planer"", ""side"": ""min""}"
maple-3-zmax,surface,maple-3-z1,maple-3-z2;maple-3-zmax-loss,"[108000, 370000, 30000]","{""maple-3-z2"": [108000, 370000, 27000], ""maple-3-zmax-loss"": [108000, 370000, 3000]}","{""amount_um"": 3000, ""axis"": 2, ""category"": ""milling"", ""process"": ""thickness_planer"", ""side"": ""max""}"
maple-3-xmin,surface,maple-3-z2,maple-3-x1;maple-3-xmin-loss,"[108000, 370000, 27000]","{""maple-3-x1"": [107000, 370000, 27000], ""maple-3-xmin-loss"": [1000, 370000, 27000]}","{""amount_um"": 1000, ""axis"": 0, ""category"": ""milling"", ""process"": ""jointer"", ""side"": ""min""}"
maple-3-xmax,surface,maple-3-x1,maple-3-x2;maple-3-xmax-loss,"[107000, 370000, 27000]","{""maple-3-x2"": [106000, 370000, 27000], ""maple-3-xmax-loss"": [1000, 370000, 27000]}","{""amount_um"": 1000, ""axis"": 0, ""category"": ""milling"", ""process"": ""jointer"", ""side"": ""max""}"
maple-3-rip,cut,maple-3-x2,maple-3-pre;maple-3-rip-off,"[106000, 370000, 27000]","{""maple-3-pre"": [26000, 370000, 27000], ""maple-3-rip-off"": [77000, 370000, 27000]}","{""axis"": 0, ""category"": ""other_offcuts"", ""kerf_um"": 3000, ""kerf_volume_um3"": 29970000000000, ""retained_side"": ""min"", ""retained_um"": 26000, ""tool"": ""saw""}"
maple-3-joint,surface,maple-3-pre,panel-1-strip-2;maple-3-joint-loss,"[26000, 370000, 27000]","{""maple-3-joint-loss"": [1000, 370000, 27000], ""panel-1-strip-2"": [25000, 370000, 27000]}","{""amount_um"": 1000, ""axis"": 0, ""category"": ""milling"", ""process"": ""jointer"", ""side"": ""max""}"
maple-4-separate,cut,maple-4,maple-4-window;maple-4-reserve,"[108000, 419000, 33000]","{""maple-4-reserve"": [108000, 21000, 33000], ""maple-4-window"": [108000, 395000, 33000]}","{""axis"": 1, ""category"": ""other_offcuts"", ""kerf_um"": 3000, ""kerf_volume_um3"": 10692000000000, ""retained_side"": ""min"", ""retained_um"": 395000, ""tool"": ""saw""}"
maple-4-end-min,cut,maple-4-window,maple-4-end1;maple-4-end-min-off,"[108000, 395000, 33000]","{""maple-4-end-min-off"": [108000, 8000, 33000], ""maple-4-end1"": [108000, 384000, 33000]}","{""axis"": 1, ""category"": ""trim"", ""kerf_um"": 3000, ""kerf_volume_um3"": 10692000000000, ""retained_side"": ""max"", ""retained_um"": 384000, ""tool"": ""saw""}"
maple-4-end-max,cut,maple-4-end1,maple-4-blank;maple-4-end-max-off,"[108000, 384000, 33000]","{""maple-4-blank"": [108000, 370000, 33000], ""maple-4-end-max-off"": [108000, 11000, 33000]}","{""axis"": 1, ""category"": ""trim"", ""kerf_um"": 3000, ""kerf_volume_um3"": 10692000000000, ""retained_side"": ""min"", ""retained_um"": 370000, ""tool"": ""saw""}"
maple-4-zmin,surface,maple-4-blank,maple-4-z1;maple-4-zmin-loss,"[108000, 370000, 33000]","{""maple-4-z1"": [108000, 370000, 30000], ""maple-4-zmin-loss"": [108000, 370000, 3000]}","{""amount_um"": 3000, ""axis"": 2, ""category"": ""milling"", ""process"": ""thickness_planer"", ""side"": ""min""}"
maple-4-zmax,surface,maple-4-z1,maple-4-z2;maple-4-zmax-loss,"[108000, 370000, 30000]","{""maple-4-z2"": [108000, 370000, 27000], ""maple-4-zmax-loss"": [108000, 370000, 3000]}","{""amount_um"": 3000, ""axis"": 2, ""category"": ""milling"", ""process"": ""thickness_planer"", ""side"": ""max""}"
maple-4-xmin,surface,maple-4-z2,maple-4-x1;maple-4-xmin-loss,"[108000, 370000, 27000]","{""maple-4-x1"": [107000, 370000, 27000], ""maple-4-xmin-loss"": [1000, 370000, 27000]}","{""amount_um"": 1000, ""axis"": 0, ""category"": ""milling"", ""process"": ""jointer"", ""side"": ""min""}"
maple-4-xmax,surface,maple-4-x1,maple-4-x2;maple-4-xmax-loss,"[107000, 370000, 27000]","{""maple-4-x2"": [106000, 370000, 27000], ""maple-4-xmax-loss"": [1000, 370000, 27000]}","{""amount_um"": 1000, ""axis"": 0, ""category"": ""milling"", ""process"": ""jointer"", ""side"": ""max""}"
maple-4-rip,cut,maple-4-x2,maple-4-pre;maple-4-rip-off,"[106000, 370000, 27000]","{""maple-4-pre"": [26000, 370000, 27000], ""maple-4-rip-off"": [77000, 370000, 27000]}","{""axis"": 0, ""category"": ""other_offcuts"", ""kerf_um"": 3000, ""kerf_volume_um3"": 29970000000000, ""retained_side"": ""min"", ""retained_um"": 26000, ""tool"": ""saw""}"
maple-4-joint,surface,maple-4-pre,panel-1-strip-3;maple-4-joint-loss,"[26000, 370000, 27000]","{""maple-4-joint-loss"": [1000, 370000, 27000], ""panel-1-strip-3"": [25000, 370000, 27000]}","{""amount_um"": 1000, ""axis"": 0, ""category"": ""milling"", ""process"": ""jointer"", ""side"": ""max""}"
maple-5-separate,cut,maple-5,maple-5-window;maple-5-reserve,"[108000, 419000, 33000]","{""maple-5-reserve"": [108000, 21000, 33000], ""maple-5-window"": [108000, 395000, 33000]}","{""axis"": 1, ""category"": ""other_offcuts"", ""kerf_um"": 3000, ""kerf_volume_um3"": 10692000000000, ""retained_side"": ""min"", ""retained_um"": 395000, ""tool"": ""saw""}"
maple-5-end-min,cut,maple-5-window,maple-5-end1;maple-5-end-min-off,"[108000, 395000, 33000]","{""maple-5-end-min-off"": [108000, 8000, 33000], ""maple-5-end1"": [108000, 384000, 33000]}","{""axis"": 1, ""category"": ""trim"", ""kerf_um"": 3000, ""kerf_volume_um3"": 10692000000000, ""retained_side"": ""max"", ""retained_um"": 384000, ""tool"": ""saw""}"
maple-5-end-max,cut,maple-5-end1,maple-5-blank;maple-5-end-max-off,"[108000, 384000, 33000]","{""maple-5-blank"": [108000, 370000, 33000], ""maple-5-end-max-off"": [108000, 11000, 33000]}","{""axis"": 1, ""category"": ""trim"", ""kerf_um"": 3000, ""kerf_volume_um3"": 10692000000000, ""retained_side"": ""min"", ""retained_um"": 370000, ""tool"": ""saw""}"
maple-5-zmin,surface,maple-5-blank,maple-5-z1;maple-5-zmin-loss,"[108000, 370000, 33000]","{""maple-5-z1"": [108000, 370000, 30000], ""maple-5-zmin-loss"": [108000, 370000, 3000]}","{""amount_um"": 3000, ""axis"": 2, ""category"": ""milling"", ""process"": ""thickness_planer"", ""side"": ""min""}"
maple-5-zmax,surface,maple-5-z1,maple-5-z2;maple-5-zmax-loss,"[108000, 370000, 30000]","{""maple-5-z2"": [108000, 370000, 27000], ""maple-5-zmax-loss"": [108000, 370000, 3000]}","{""amount_um"": 3000, ""axis"": 2, ""category"": ""milling"", ""process"": ""thickness_planer"", ""side"": ""max""}"
maple-5-xmin,surface,maple-5-z2,maple-5-x1;maple-5-xmin-loss,"[108000, 370000, 27000]","{""maple-5-x1"": [107000, 370000, 27000], ""maple-5-xmin-loss"": [1000, 370000, 27000]}","{""amount_um"": 1000, ""axis"": 0, ""category"": ""milling"", ""process"": ""jointer"", ""side"": ""min""}"
maple-5-xmax,surface,maple-5-x1,maple-5-x2;maple-5-xmax-loss,"[107000, 370000, 27000]","{""maple-5-x2"": [106000, 370000, 27000], ""maple-5-xmax-loss"": [1000, 370000, 27000]}","{""amount_um"": 1000, ""axis"": 0, ""category"": ""milling"", ""process"": ""jointer"", ""side"": ""max""}"
maple-5-rip,cut,maple-5-x2,maple-5-pre;maple-5-rip-off,"[106000, 370000, 27000]","{""maple-5-pre"": [26000, 370000, 27000], ""maple-5-rip-off"": [77000, 370000, 27000]}","{""axis"": 0, ""category"": ""other_offcuts"", ""kerf_um"": 3000, ""kerf_volume_um3"": 29970000000000, ""retained_side"": ""min"", ""retained_um"": 26000, ""tool"": ""saw""}"
maple-5-joint,surface,maple-5-pre,panel-1-strip-4;maple-5-joint-loss,"[26000, 370000, 27000]","{""maple-5-joint-loss"": [1000, 370000, 27000], ""panel-1-strip-4"": [25000, 370000, 27000]}","{""amount_um"": 1000, ""axis"": 0, ""category"": ""milling"", ""process"": ""jointer"", ""side"": ""max""}"
maple-6-separate,cut,maple-6,maple-6-window;maple-6-reserve,"[108000, 419000, 33000]","{""maple-6-reserve"": [108000, 21000, 33000], ""maple-6-window"": [108000, 395000, 33000]}","{""axis"": 1, ""category"": ""other_offcuts"", ""kerf_um"": 3000, ""kerf_volume_um3"": 10692000000000, ""retained_side"": ""min"", ""retained_um"": 395000, ""tool"": ""saw""}"
maple-6-end-min,cut,maple-6-window,maple-6-end1;maple-6-end-min-off,"[108000, 395000, 33000]","{""maple-6-end-min-off"": [108000, 8000, 33000], ""maple-6-end1"": [108000, 384000, 33000]}","{""axis"": 1, ""category"": ""trim"", ""kerf_um"": 3000, ""kerf_volume_um3"": 10692000000000, ""retained_side"": ""max"", ""retained_um"": 384000, ""tool"": ""saw""}"
maple-6-end-max,cut,maple-6-end1,maple-6-blank;maple-6-end-max-off,"[108000, 384000, 33000]","{""maple-6-blank"": [108000, 370000, 33000], ""maple-6-end-max-off"": [108000, 11000, 33000]}","{""axis"": 1, ""category"": ""trim"", ""kerf_um"": 3000, ""kerf_volume_um3"": 10692000000000, ""retained_side"": ""min"", ""retained_um"": 370000, ""tool"": ""saw""}"
maple-6-zmin,surface,maple-6-blank,maple-6-z1;maple-6-zmin-loss,"[108000, 370000, 33000]","{""maple-6-z1"": [108000, 370000, 30000], ""maple-6-zmin-loss"": [108000, 370000, 3000]}","{""amount_um"": 3000, ""axis"": 2, ""category"": ""milling"", ""process"": ""thickness_planer"", ""side"": ""min""}"
maple-6-zmax,surface,maple-6-z1,maple-6-z2;maple-6-zmax-loss,"[108000, 370000, 30000]","{""maple-6-z2"": [108000, 370000, 27000], ""maple-6-zmax-loss"": [108000, 370000, 3000]}","{""amount_um"": 3000, ""axis"": 2, ""category"": ""milling"", ""process"": ""thickness_planer"", ""side"": ""max""}"
maple-6-xmin,surface,maple-6-z2,maple-6-x1;maple-6-xmin-loss,"[108000, 370000, 27000]","{""maple-6-x1"": [107000, 370000, 27000], ""maple-6-xmin-loss"": [1000, 370000, 27000]}","{""amount_um"": 1000, ""axis"": 0, ""category"": ""milling"", ""process"": ""jointer"", ""side"": ""min""}"
maple-6-xmax,surface,maple-6-x1,maple-6-x2;maple-6-xmax-loss,"[107000, 370000, 27000]","{""maple-6-x2"": [106000, 370000, 27000], ""maple-6-xmax-loss"": [1000, 370000, 27000]}","{""amount_um"": 1000, ""axis"": 0, ""category"": ""milling"", ""process"": ""jointer"", ""side"": ""max""}"
maple-6-rip,cut,maple-6-x2,maple-6-pre;maple-6-rip-off,"[106000, 370000, 27000]","{""maple-6-pre"": [26000, 370000, 27000], ""maple-6-rip-off"": [77000, 370000, 27000]}","{""axis"": 0, ""category"": ""other_offcuts"", ""kerf_um"": 3000, ""kerf_volume_um3"": 29970000000000, ""retained_side"": ""min"", ""retained_um"": 26000, ""tool"": ""saw""}"
maple-6-joint,surface,maple-6-pre,panel-1-strip-5;maple-6-joint-loss,"[26000, 370000, 27000]","{""maple-6-joint-loss"": [1000, 370000, 27000], ""panel-1-strip-5"": [25000, 370000, 27000]}","{""amount_um"": 1000, ""axis"": 0, ""category"": ""milling"", ""process"": ""jointer"", ""side"": ""max""}"
maple-7-separate,cut,maple-7,maple-7-window;maple-7-reserve,"[108000, 419000, 33000]","{""maple-7-reserve"": [108000, 21000, 33000], ""maple-7-window"": [108000, 395000, 33000]}","{""axis"": 1, ""category"": ""other_offcuts"", ""kerf_um"": 3000, ""kerf_volume_um3"": 10692000000000, ""retained_side"": ""min"", ""retained_um"": 395000, ""tool"": ""saw""}"
maple-7-end-min,cut,maple-7-window,maple-7-end1;maple-7-end-min-off,"[108000, 395000, 33000]","{""maple-7-end-min-off"": [108000, 8000, 33000], ""maple-7-end1"": [108000, 384000, 33000]}","{""axis"": 1, ""category"": ""trim"", ""kerf_um"": 3000, ""kerf_volume_um3"": 10692000000000, ""retained_side"": ""max"", ""retained_um"": 384000, ""tool"": ""saw""}"
maple-7-end-max,cut,maple-7-end1,maple-7-blank;maple-7-end-max-off,"[108000, 384000, 33000]","{""maple-7-blank"": [108000, 370000, 33000], ""maple-7-end-max-off"": [108000, 11000, 33000]}","{""axis"": 1, ""category"": ""trim"", ""kerf_um"": 3000, ""kerf_volume_um3"": 10692000000000, ""retained_side"": ""min"", ""retained_um"": 370000, ""tool"": ""saw""}"
maple-7-zmin,surface,maple-7-blank,maple-7-z1;maple-7-zmin-loss,"[108000, 370000, 33000]","{""maple-7-z1"": [108000, 370000, 30000], ""maple-7-zmin-loss"": [108000, 370000, 3000]}","{""amount_um"": 3000, ""axis"": 2, ""category"": ""milling"", ""process"": ""thickness_planer"", ""side"": ""min""}"
maple-7-zmax,surface,maple-7-z1,maple-7-z2;maple-7-zmax-loss,"[108000, 370000, 30000]","{""maple-7-z2"": [108000, 370000, 27000], ""maple-7-zmax-loss"": [108000, 370000, 3000]}","{""amount_um"": 3000, ""axis"": 2, ""category"": ""milling"", ""process"": ""thickness_planer"", ""side"": ""max""}"
maple-7-xmin,surface,maple-7-z2,maple-7-x1;maple-7-xmin-loss,"[108000, 370000, 27000]","{""maple-7-x1"": [107000, 370000, 27000], ""maple-7-xmin-loss"": [1000, 370000, 27000]}","{""amount_um"": 1000, ""axis"": 0, ""category"": ""milling"", ""process"": ""jointer"", ""side"": ""min""}"
maple-7-xmax,surface,maple-7-x1,maple-7-x2;maple-7-xmax-loss,"[107000, 370000, 27000]","{""maple-7-x2"": [106000, 370000, 27000], ""maple-7-xmax-loss"": [1000, 370000, 27000]}","{""amount_um"": 1000, ""axis"": 0, ""category"": ""milling"", ""process"": ""jointer"", ""side"": ""max""}"
maple-7-rip,cut,maple-7-x2,maple-7-pre;maple-7-rip-off,"[106000, 370000, 27000]","{""maple-7-pre"": [26000, 370000, 27000], ""maple-7-rip-off"": [77000, 370000, 27000]}","{""axis"": 0, ""category"": ""other_offcuts"", ""kerf_um"": 3000, ""kerf_volume_um3"": 29970000000000, ""retained_side"": ""min"", ""retained_um"": 26000, ""tool"": ""saw""}"
maple-7-joint,surface,maple-7-pre,panel-1-strip-6;maple-7-joint-loss,"[26000, 370000, 27000]","{""maple-7-joint-loss"": [1000, 370000, 27000], ""panel-1-strip-6"": [25000, 370000, 27000]}","{""amount_um"": 1000, ""axis"": 0, ""category"": ""milling"", ""process"": ""jointer"", ""side"": ""max""}"
maple-8-separate,cut,maple-8,maple-8-window;maple-8-reserve,"[108000, 419000, 33000]","{""maple-8-reserve"": [108000, 21000, 33000], ""maple-8-window"": [108000, 395000, 33000]}","{""axis"": 1, ""category"": ""other_offcuts"", ""kerf_um"": 3000, ""kerf_volume_um3"": 10692000000000, ""retained_side"": ""min"", ""retained_um"": 395000, ""tool"": ""saw""}"
maple-8-end-min,cut,maple-8-window,maple-8-end1;maple-8-end-min-off,"[108000, 395000, 33000]","{""maple-8-end-min-off"": [108000, 8000, 33000], ""maple-8-end1"": [108000, 384000, 33000]}","{""axis"": 1, ""category"": ""trim"", ""kerf_um"": 3000, ""kerf_volume_um3"": 10692000000000, ""retained_side"": ""max"", ""retained_um"": 384000, ""tool"": ""saw""}"
maple-8-end-max,cut,maple-8-end1,maple-8-blank;maple-8-end-max-off,"[108000, 384000, 33000]","{""maple-8-blank"": [108000, 370000, 33000], ""maple-8-end-max-off"": [108000, 11000, 33000]}","{""axis"": 1, ""category"": ""trim"", ""kerf_um"": 3000, ""kerf_volume_um3"": 10692000000000, ""retained_side"": ""min"", ""retained_um"": 370000, ""tool"": ""saw""}"
maple-8-zmin,surface,maple-8-blank,maple-8-z1;maple-8-zmin-loss,"[108000, 370000, 33000]","{""maple-8-z1"": [108000, 370000, 30000], ""maple-8-zmin-loss"": [108000, 370000, 3000]}","{""amount_um"": 3000, ""axis"": 2, ""category"": ""milling"", ""process"": ""thickness_planer"", ""side"": ""min""}"
maple-8-zmax,surface,maple-8-z1,maple-8-z2;maple-8-zmax-loss,"[108000, 370000, 30000]","{""maple-8-z2"": [108000, 370000, 27000], ""maple-8-zmax-loss"": [108000, 370000, 3000]}","{""amount_um"": 3000, ""axis"": 2, ""category"": ""milling"", ""process"": ""thickness_planer"", ""side"": ""max""}"
maple-8-xmin,surface,maple-8-z2,maple-8-x1;maple-8-xmin-loss,"[108000, 370000, 27000]","{""maple-8-x1"": [107000, 370000, 27000], ""maple-8-xmin-loss"": [1000, 370000, 27000]}","{""amount_um"": 1000, ""axis"": 0, ""category"": ""milling"", ""process"": ""jointer"", ""side"": ""min""}"
maple-8-xmax,surface,maple-8-x1,maple-8-x2;maple-8-xmax-loss,"[107000, 370000, 27000]","{""maple-8-x2"": [106000, 370000, 27000], ""maple-8-xmax-loss"": [1000, 370000, 27000]}","{""amount_um"": 1000, ""axis"": 0, ""category"": ""milling"", ""process"": ""jointer"", ""side"": ""max""}"
maple-8-rip,cut,maple-8-x2,maple-8-pre;maple-8-rip-off,"[106000, 370000, 27000]","{""maple-8-pre"": [26000, 370000, 27000], ""maple-8-rip-off"": [77000, 370000, 27000]}","{""axis"": 0, ""category"": ""other_offcuts"", ""kerf_um"": 3000, ""kerf_volume_um3"": 29970000000000, ""retained_side"": ""min"", ""retained_um"": 26000, ""tool"": ""saw""}"
maple-8-joint,surface,maple-8-pre,panel-1-strip-7;maple-8-joint-loss,"[26000, 370000, 27000]","{""maple-8-joint-loss"": [1000, 370000, 27000], ""panel-1-strip-7"": [25000, 370000, 27000]}","{""amount_um"": 1000, ""axis"": 0, ""category"": ""milling"", ""process"": ""jointer"", ""side"": ""max""}"
maple-9-separate,cut,maple-9,maple-9-window;maple-9-reserve,"[108000, 419000, 33000]","{""maple-9-reserve"": [108000, 21000, 33000], ""maple-9-window"": [108000, 395000, 33000]}","{""axis"": 1, ""category"": ""other_offcuts"", ""kerf_um"": 3000, ""kerf_volume_um3"": 10692000000000, ""retained_side"": ""min"", ""retained_um"": 395000, ""tool"": ""saw""}"
maple-9-end-min,cut,maple-9-window,maple-9-end1;maple-9-end-min-off,"[108000, 395000, 33000]","{""maple-9-end-min-off"": [108000, 8000, 33000], ""maple-9-end1"": [108000, 384000, 33000]}","{""axis"": 1, ""category"": ""trim"", ""kerf_um"": 3000, ""kerf_volume_um3"": 10692000000000, ""retained_side"": ""max"", ""retained_um"": 384000, ""tool"": ""saw""}"
maple-9-end-max,cut,maple-9-end1,maple-9-blank;maple-9-end-max-off,"[108000, 384000, 33000]","{""maple-9-blank"": [108000, 370000, 33000], ""maple-9-end-max-off"": [108000, 11000, 33000]}","{""axis"": 1, ""category"": ""trim"", ""kerf_um"": 3000, ""kerf_volume_um3"": 10692000000000, ""retained_side"": ""min"", ""retained_um"": 370000, ""tool"": ""saw""}"
maple-9-zmin,surface,maple-9-blank,maple-9-z1;maple-9-zmin-loss,"[108000, 370000, 33000]","{""maple-9-z1"": [108000, 370000, 30000], ""maple-9-zmin-loss"": [108000, 370000, 3000]}","{""amount_um"": 3000, ""axis"": 2, ""category"": ""milling"", ""process"": ""thickness_planer"", ""side"": ""min""}"
maple-9-zmax,surface,maple-9-z1,maple-9-z2;maple-9-zmax-loss,"[108000, 370000, 30000]","{""maple-9-z2"": [108000, 370000, 27000], ""maple-9-zmax-loss"": [108000, 370000, 3000]}","{""amount_um"": 3000, ""axis"": 2, ""category"": ""milling"", ""process"": ""thickness_planer"", ""side"": ""max""}"
maple-9-xmin,surface,maple-9-z2,maple-9-x1;maple-9-xmin-loss,"[108000, 370000, 27000]","{""maple-9-x1"": [107000, 370000, 27000], ""maple-9-xmin-loss"": [1000, 370000, 27000]}","{""amount_um"": 1000, ""axis"": 0, ""category"": ""milling"", ""process"": ""jointer"", ""side"": ""min""}"
maple-9-xmax,surface,maple-9-x1,maple-9-x2;maple-9-xmax-loss,"[107000, 370000, 27000]","{""maple-9-x2"": [106000, 370000, 27000], ""maple-9-xmax-loss"": [1000, 370000, 27000]}","{""amount_um"": 1000, ""axis"": 0, ""category"": ""milling"", ""process"": ""jointer"", ""side"": ""max""}"
maple-9-rip,cut,maple-9-x2,maple-9-pre;maple-9-rip-off,"[106000, 370000, 27000]","{""maple-9-pre"": [26000, 370000, 27000], ""maple-9-rip-off"": [77000, 370000, 27000]}","{""axis"": 0, ""category"": ""other_offcuts"", ""kerf_um"": 3000, ""kerf_volume_um3"": 29970000000000, ""retained_side"": ""min"", ""retained_um"": 26000, ""tool"": ""saw""}"
maple-9-joint,surface,maple-9-pre,panel-1-strip-8;maple-9-joint-loss,"[26000, 370000, 27000]","{""maple-9-joint-loss"": [1000, 370000, 27000], ""panel-1-strip-8"": [25000, 370000, 27000]}","{""amount_um"": 1000, ""axis"": 0, ""category"": ""milling"", ""process"": ""jointer"", ""side"": ""max""}"
maple-10-separate,cut,maple-10,maple-10-window;maple-10-reserve,"[108000, 419000, 33000]","{""maple-10-reserve"": [108000, 21000, 33000], ""maple-10-window"": [108000, 395000, 33000]}","{""axis"": 1, ""category"": ""other_offcuts"", ""kerf_um"": 3000, ""kerf_volume_um3"": 10692000000000, ""retained_side"": ""min"", ""retained_um"": 395000, ""tool"": ""saw""}"
maple-10-end-min,cut,maple-10-window,maple-10-end1;maple-10-end-min-off,"[108000, 395000, 33000]","{""maple-10-end-min-off"": [108000, 8000, 33000], ""maple-10-end1"": [108000, 384000, 33000]}","{""axis"": 1, ""category"": ""trim"", ""kerf_um"": 3000, ""kerf_volume_um3"": 10692000000000, ""retained_side"": ""max"", ""retained_um"": 384000, ""tool"": ""saw""}"
maple-10-end-max,cut,maple-10-end1,maple-10-blank;maple-10-end-max-off,"[108000, 384000, 33000]","{""maple-10-blank"": [108000, 370000, 33000], ""maple-10-end-max-off"": [108000, 11000, 33000]}","{""axis"": 1, ""category"": ""trim"", ""kerf_um"": 3000, ""kerf_volume_um3"": 10692000000000, ""retained_side"": ""min"", ""retained_um"": 370000, ""tool"": ""saw""}"
maple-10-zmin,surface,maple-10-blank,maple-10-z1;maple-10-zmin-loss,"[108000, 370000, 33000]","{""maple-10-z1"": [108000, 370000, 30000], ""maple-10-zmin-loss"": [108000, 370000, 3000]}","{""amount_um"": 3000, ""axis"": 2, ""category"": ""milling"", ""process"": ""thickness_planer"", ""side"": ""min""}"
maple-10-zmax,surface,maple-10-z1,maple-10-z2;maple-10-zmax-loss,"[108000, 370000, 30000]","{""maple-10-z2"": [108000, 370000, 27000], ""maple-10-zmax-loss"": [108000, 370000, 3000]}","{""amount_um"": 3000, ""axis"": 2, ""category"": ""milling"", ""process"": ""thickness_planer"", ""side"": ""max""}"
maple-10-xmin,surface,maple-10-z2,maple-10-x1;maple-10-xmin-loss,"[108000, 370000, 27000]","{""maple-10-x1"": [107000, 370000, 27000], ""maple-10-xmin-loss"": [1000, 370000, 27000]}","{""amount_um"": 1000, ""axis"": 0, ""category"": ""milling"", ""process"": ""jointer"", ""side"": ""min""}"
maple-10-xmax,surface,maple-10-x1,maple-10-x2;maple-10-xmax-loss,"[107000, 370000, 27000]","{""maple-10-x2"": [106000, 370000, 27000], ""maple-10-xmax-loss"": [1000, 370000, 27000]}","{""amount_um"": 1000, ""axis"": 0, ""category"": ""milling"", ""process"": ""jointer"", ""side"": ""max""}"
maple-10-rip,cut,maple-10-x2,maple-10-pre;maple-10-rip-off,"[106000, 370000, 27000]","{""maple-10-pre"": [26000, 370000, 27000], ""maple-10-rip-off"": [77000, 370000, 27000]}","{""axis"": 0, ""category"": ""other_offcuts"", ""kerf_um"": 3000, ""kerf_volume_um3"": 29970000000000, ""retained_side"": ""min"", ""retained_um"": 26000, ""tool"": ""saw""}"
maple-10-joint,surface,maple-10-pre,panel-1-strip-9;maple-10-joint-loss,"[26000, 370000, 27000]","{""maple-10-joint-loss"": [1000, 370000, 27000], ""panel-1-strip-9"": [25000, 370000, 27000]}","{""amount_um"": 1000, ""axis"": 0, ""category"": ""milling"", ""process"": ""jointer"", ""side"": ""max""}"
maple-11-separate,cut,maple-11,maple-11-window;maple-11-reserve,"[108000, 419000, 33000]","{""maple-11-reserve"": [108000, 21000, 33000], ""maple-11-window"": [108000, 395000, 33000]}","{""axis"": 1, ""category"": ""other_offcuts"", ""kerf_um"": 3000, ""kerf_volume_um3"": 10692000000000, ""retained_side"": ""min"", ""retained_um"": 395000, ""tool"": ""saw""}"
maple-11-end-min,cut,maple-11-window,maple-11-end1;maple-11-end-min-off,"[108000, 395000, 33000]","{""maple-11-end-min-off"": [108000, 8000, 33000], ""maple-11-end1"": [108000, 384000, 33000]}","{""axis"": 1, ""category"": ""trim"", ""kerf_um"": 3000, ""kerf_volume_um3"": 10692000000000, ""retained_side"": ""max"", ""retained_um"": 384000, ""tool"": ""saw""}"
maple-11-end-max,cut,maple-11-end1,maple-11-blank;maple-11-end-max-off,"[108000, 384000, 33000]","{""maple-11-blank"": [108000, 370000, 33000], ""maple-11-end-max-off"": [108000, 11000, 33000]}","{""axis"": 1, ""category"": ""trim"", ""kerf_um"": 3000, ""kerf_volume_um3"": 10692000000000, ""retained_side"": ""min"", ""retained_um"": 370000, ""tool"": ""saw""}"
maple-11-zmin,surface,maple-11-blank,maple-11-z1;maple-11-zmin-loss,"[108000, 370000, 33000]","{""maple-11-z1"": [108000, 370000, 30000], ""maple-11-zmin-loss"": [108000, 370000, 3000]}","{""amount_um"": 3000, ""axis"": 2, ""category"": ""milling"", ""process"": ""thickness_planer"", ""side"": ""min""}"
maple-11-zmax,surface,maple-11-z1,maple-11-z2;maple-11-zmax-loss,"[108000, 370000, 30000]","{""maple-11-z2"": [108000, 370000, 27000], ""maple-11-zmax-loss"": [108000, 370000, 3000]}","{""amount_um"": 3000, ""axis"": 2, ""category"": ""milling"", ""process"": ""thickness_planer"", ""side"": ""max""}"
maple-11-xmin,surface,maple-11-z2,maple-11-x1;maple-11-xmin-loss,"[108000, 370000, 27000]","{""maple-11-x1"": [107000, 370000, 27000], ""maple-11-xmin-loss"": [1000, 370000, 27000]}","{""amount_um"": 1000, ""axis"": 0, ""category"": ""milling"", ""process"": ""jointer"", ""side"": ""min""}"
maple-11-xmax,surface,maple-11-x1,maple-11-x2;maple-11-xmax-loss,"[107000, 370000, 27000]","{""maple-11-x2"": [106000, 370000, 27000], ""maple-11-xmax-loss"": [1000, 370000, 27000]}","{""amount_um"": 1000, ""axis"": 0, ""category"": ""milling"", ""process"": ""jointer"", ""side"": ""max""}"
maple-11-rip,cut,maple-11-x2,maple-11-pre;maple-11-rip-off,"[106000, 370000, 27000]","{""maple-11-pre"": [26000, 370000, 27000], ""maple-11-rip-off"": [77000, 370000, 27000]}","{""axis"": 0, ""category"": ""other_offcuts"", ""kerf_um"": 3000, ""kerf_volume_um3"": 29970000000000, ""retained_side"": ""min"", ""retained_um"": 26000, ""tool"": ""saw""}"
maple-11-joint,surface,maple-11-pre,panel-1-strip-10;maple-11-joint-loss,"[26000, 370000, 27000]","{""maple-11-joint-loss"": [1000, 370000, 27000], ""panel-1-strip-10"": [25000, 370000, 27000]}","{""amount_um"": 1000, ""axis"": 0, ""category"": ""milling"", ""process"": ""jointer"", ""side"": ""max""}"
maple-12-separate,cut,maple-12,maple-12-window;maple-12-reserve,"[108000, 419000, 33000]","{""maple-12-reserve"": [108000, 21000, 33000], ""maple-12-window"": [108000, 395000, 33000]}","{""axis"": 1, ""category"": ""other_offcuts"", ""kerf_um"": 3000, ""kerf_volume_um3"": 10692000000000, ""retained_side"": ""min"", ""retained_um"": 395000, ""tool"": ""saw""}"
maple-12-end-min,cut,maple-12-window,maple-12-end1;maple-12-end-min-off,"[108000, 395000, 33000]","{""maple-12-end-min-off"": [108000, 8000, 33000], ""maple-12-end1"": [108000, 384000, 33000]}","{""axis"": 1, ""category"": ""trim"", ""kerf_um"": 3000, ""kerf_volume_um3"": 10692000000000, ""retained_side"": ""max"", ""retained_um"": 384000, ""tool"": ""saw""}"
maple-12-end-max,cut,maple-12-end1,maple-12-blank;maple-12-end-max-off,"[108000, 384000, 33000]","{""maple-12-blank"": [108000, 370000, 33000], ""maple-12-end-max-off"": [108000, 11000, 33000]}","{""axis"": 1, ""category"": ""trim"", ""kerf_um"": 3000, ""kerf_volume_um3"": 10692000000000, ""retained_side"": ""min"", ""retained_um"": 370000, ""tool"": ""saw""}"
maple-12-zmin,surface,maple-12-blank,maple-12-z1;maple-12-zmin-loss,"[108000, 370000, 33000]","{""maple-12-z1"": [108000, 370000, 30000], ""maple-12-zmin-loss"": [108000, 370000, 3000]}","{""amount_um"": 3000, ""axis"": 2, ""category"": ""milling"", ""process"": ""thickness_planer"", ""side"": ""min""}"
maple-12-zmax,surface,maple-12-z1,maple-12-z2;maple-12-zmax-loss,"[108000, 370000, 30000]","{""maple-12-z2"": [108000, 370000, 27000], ""maple-12-zmax-loss"": [108000, 370000, 3000]}","{""amount_um"": 3000, ""axis"": 2, ""category"": ""milling"", ""process"": ""thickness_planer"", ""side"": ""max""}"
maple-12-xmin,surface,maple-12-z2,maple-12-x1;maple-12-xmin-loss,"[108000, 370000, 27000]","{""maple-12-x1"": [107000, 370000, 27000], ""maple-12-xmin-loss"": [1000, 370000, 27000]}","{""amount_um"": 1000, ""axis"": 0, ""category"": ""milling"", ""process"": ""jointer"", ""side"": ""min""}"
maple-12-xmax,surface,maple-12-x1,maple-12-x2;maple-12-xmax-loss,"[107000, 370000, 27000]","{""maple-12-x2"": [106000, 370000, 27000], ""maple-12-xmax-loss"": [1000, 370000, 27000]}","{""amount_um"": 1000, ""axis"": 0, ""category"": ""milling"", ""process"": ""jointer"", ""side"": ""max""}"
maple-12-rip,cut,maple-12-x2,maple-12-pre;maple-12-rip-off,"[106000, 370000, 27000]","{""maple-12-pre"": [26000, 370000, 27000], ""maple-12-rip-off"": [77000, 370000, 27000]}","{""axis"": 0, ""category"": ""other_offcuts"", ""kerf_um"": 3000, ""kerf_volume_um3"": 29970000000000, ""retained_side"": ""min"", ""retained_um"": 26000, ""tool"": ""saw""}"
maple-12-joint,surface,maple-12-pre,panel-1-strip-11;maple-12-joint-loss,"[26000, 370000, 27000]","{""maple-12-joint-loss"": [1000, 370000, 27000], ""panel-1-strip-11"": [25000, 370000, 27000]}","{""amount_um"": 1000, ""axis"": 0, ""category"": ""milling"", ""process"": ""jointer"", ""side"": ""max""}"
panel-1-glue,glue,panel-1-strip-0;panel-1-strip-1;panel-1-strip-2;panel-1-strip-3;panel-1-strip-4;panel-1-strip-5;panel-1-strip-6;panel-1-strip-7;panel-1-strip-8;panel-1-strip-9;panel-1-strip-10;panel-1-strip-11,panel-1-raw,"{""panel-1-strip-0"": [25000, 370000, 27000], ""panel-1-strip-1"": [25000, 370000, 27000], ""panel-1-strip-10"": [25000, 370000, 27000], ""panel-1-strip-11"": [25000, 370000, 27000], ""panel-1-strip-2"": [25000, 370000, 27000], ""panel-1-strip-3"": [25000, 370000, 27000], ""panel-1-strip-4"": [25000, 370000, 27000], ""panel-1-strip-5"": [25000, 370000, 27000], ""panel-1-strip-6"": [25000, 370000, 27000], ""panel-1-strip-7"": [25000, 370000, 27000], ""panel-1-strip-8"": [25000, 370000, 27000], ""panel-1-strip-9"": [25000, 370000, 27000]}","{""panel-1-raw"": [300000, 370000, 27000]}","{""axis"": 0, ""joint_count"": 11, ""negligible_glue_line"": true, ""prepared_faces"": true, ""stage"": ""first""}"
panel-1-zmin,surface,panel-1-raw,panel-1-z1;panel-1-zmin-loss,"[300000, 370000, 27000]","{""panel-1-z1"": [300000, 370000, 26000], ""panel-1-zmin-loss"": [300000, 370000, 1000]}","{""amount_um"": 1000, ""axis"": 2, ""category"": ""milling"", ""process"": ""thickness_planer"", ""side"": ""min""}"
panel-1-zmax,surface,panel-1-z1,panel-1-flat;panel-1-zmax-loss,"[300000, 370000, 26000]","{""panel-1-flat"": [300000, 370000, 25000], ""panel-1-zmax-loss"": [300000, 370000, 1000]}","{""amount_um"": 1000, ""axis"": 2, ""category"": ""milling"", ""process"": ""thickness_planer"", ""side"": ""max""}"
panel-1-slice-0,cut,panel-1-flat,slice-0;panel-1-remainder-0,"[300000, 370000, 25000]","{""panel-1-remainder-0"": [300000, 335000, 25000], ""slice-0"": [300000, 32000, 25000]}","{""axis"": 1, ""category"": ""other_offcuts"", ""kerf_um"": 3000, ""kerf_volume_um3"": 22500000000000, ""retained_side"": ""min"", ""retained_um"": 32000, ""tool"": ""saw""}"
row-0-rotate,rotate,slice-0,row-0,"[300000, 32000, 25000]","{""row-0"": [300000, 25000, 32000]}","{""perm"": [0, 2, 1], ""sign"": [1, -1, 1]}"
panel-1-slice-1,cut,panel-1-remainder-0,slice-1;panel-1-remainder-1,"[300000, 335000, 25000]","{""panel-1-remainder-1"": [300000, 300000, 25000], ""slice-1"": [300000, 32000, 25000]}","{""axis"": 1, ""category"": ""other_offcuts"", ""kerf_um"": 3000, ""kerf_volume_um3"": 22500000000000, ""retained_side"": ""min"", ""retained_um"": 32000, ""tool"": ""saw""}"
row-1-rotate,rotate,slice-1,row-1,"[300000, 32000, 25000]","{""row-1"": [300000, 25000, 32000]}","{""perm"": [0, 2, 1], ""sign"": [1, -1, 1]}"
panel-1-slice-2,cut,panel-1-remainder-1,slice-8;panel-1-remainder-2,"[300000, 300000, 25000]","{""panel-1-remainder-2"": [300000, 265000, 25000], ""slice-8"": [300000, 32000, 25000]}","{""axis"": 1, ""category"": ""other_offcuts"", ""kerf_um"": 3000, ""kerf_volume_um3"": 22500000000000, ""retained_side"": ""min"", ""retained_um"": 32000, ""tool"": ""saw""}"
row-8-rotate,rotate,slice-8,row-8,"[300000, 32000, 25000]","{""row-8"": [300000, 25000, 32000]}","{""perm"": [0, 2, 1], ""sign"": [1, -1, 1]}"
panel-1-slice-3,cut,panel-1-remainder-2,slice-9;panel-1-remainder-3,"[300000, 265000, 25000]","{""panel-1-remainder-3"": [300000, 230000, 25000], ""slice-9"": [300000, 32000, 25000]}","{""axis"": 1, ""category"": ""other_offcuts"", ""kerf_um"": 3000, ""kerf_volume_um3"": 22500000000000, ""retained_side"": ""min"", ""retained_um"": 32000, ""tool"": ""saw""}"
row-9-rotate,rotate,slice-9,row-9,"[300000, 32000, 25000]","{""row-9"": [300000, 25000, 32000]}","{""perm"": [0, 2, 1], ""sign"": [1, -1, 1]}"
panel-1-slice-4,cut,panel-1-remainder-3,slice-10;panel-1-remainder-4,"[300000, 230000, 25000]","{""panel-1-remainder-4"": [300000, 195000, 25000], ""slice-10"": [300000, 32000, 25000]}","{""axis"": 1, ""category"": ""other_offcuts"", ""kerf_um"": 3000, ""kerf_volume_um3"": 22500000000000, ""retained_side"": ""min"", ""retained_um"": 32000, ""tool"": ""saw""}"
row-10-rotate,rotate,slice-10,row-10,"[300000, 32000, 25000]","{""row-10"": [300000, 25000, 32000]}","{""perm"": [0, 2, 1], ""sign"": [1, -1, 1]}"
panel-1-slice-5,cut,panel-1-remainder-4,slice-11;panel-1-remainder-5,"[300000, 195000, 25000]","{""panel-1-remainder-5"": [300000, 160000, 25000], ""slice-11"": [300000, 32000, 25000]}","{""axis"": 1, ""category"": ""other_offcuts"", ""kerf_um"": 3000, ""kerf_volume_um3"": 22500000000000, ""retained_side"": ""min"", ""retained_um"": 32000, ""tool"": ""saw""}"
row-11-rotate,rotate,slice-11,row-11,"[300000, 32000, 25000]","{""row-11"": [300000, 25000, 32000]}","{""perm"": [0, 2, 1], ""sign"": [1, -1, 1]}"
maple-13-separate,cut,maple-13,maple-13-window;maple-13-reserve,"[108000, 419000, 33000]","{""maple-13-reserve"": [108000, 126000, 33000], ""maple-13-window"": [108000, 290000, 33000]}","{""axis"": 1, ""category"": ""other_offcuts"", ""kerf_um"": 3000, ""kerf_volume_um3"": 10692000000000, ""retained_side"": ""min"", ""retained_um"": 290000, ""tool"": ""saw""}"
maple-13-end-min,cut,maple-13-window,maple-13-end1;maple-13-end-min-off,"[108000, 290000, 33000]","{""maple-13-end-min-off"": [108000, 8000, 33000], ""maple-13-end1"": [108000, 279000, 33000]}","{""axis"": 1, ""category"": ""trim"", ""kerf_um"": 3000, ""kerf_volume_um3"": 10692000000000, ""retained_side"": ""max"", ""retained_um"": 279000, ""tool"": ""saw""}"
maple-13-end-max,cut,maple-13-end1,maple-13-blank;maple-13-end-max-off,"[108000, 279000, 33000]","{""maple-13-blank"": [108000, 265000, 33000], ""maple-13-end-max-off"": [108000, 11000, 33000]}","{""axis"": 1, ""category"": ""trim"", ""kerf_um"": 3000, ""kerf_volume_um3"": 10692000000000, ""retained_side"": ""min"", ""retained_um"": 265000, ""tool"": ""saw""}"
maple-13-zmin,surface,maple-13-blank,maple-13-z1;maple-13-zmin-loss,"[108000, 265000, 33000]","{""maple-13-z1"": [108000, 265000, 30000], ""maple-13-zmin-loss"": [108000, 265000, 3000]}","{""amount_um"": 3000, ""axis"": 2, ""category"": ""milling"", ""process"": ""thickness_planer"", ""side"": ""min""}"
maple-13-zmax,surface,maple-13-z1,maple-13-z2;maple-13-zmax-loss,"[108000, 265000, 30000]","{""maple-13-z2"": [108000, 265000, 27000], ""maple-13-zmax-loss"": [108000, 265000, 3000]}","{""amount_um"": 3000, ""axis"": 2, ""category"": ""milling"", ""process"": ""thickness_planer"", ""side"": ""max""}"
maple-13-xmin,surface,maple-13-z2,maple-13-x1;maple-13-xmin-loss,"[108000, 265000, 27000]","{""maple-13-x1"": [107000, 265000, 27000], ""maple-13-xmin-loss"": [1000, 265000, 27000]}","{""amount_um"": 1000, ""axis"": 0, ""category"": ""milling"", ""process"": ""jointer"", ""side"": ""min""}"
maple-13-xmax,surface,maple-13-x1,maple-13-x2;maple-13-xmax-loss,"[107000, 265000, 27000]","{""maple-13-x2"": [106000, 265000, 27000], ""maple-13-xmax-loss"": [1000, 265000, 27000]}","{""amount_um"": 1000, ""axis"": 0, ""category"": ""milling"", ""process"": ""jointer"", ""side"": ""max""}"
maple-13-rip,cut,maple-13-x2,maple-13-pre;maple-13-rip-off,"[106000, 265000, 27000]","{""maple-13-pre"": [26000, 265000, 27000], ""maple-13-rip-off"": [77000, 265000, 27000]}","{""axis"": 0, ""category"": ""other_offcuts"", ""kerf_um"": 3000, ""kerf_volume_um3"": 21465000000000, ""retained_side"": ""min"", ""retained_um"": 26000, ""tool"": ""saw""}"
maple-13-joint,surface,maple-13-pre,panel-2-strip-0;maple-13-joint-loss,"[26000, 265000, 27000]","{""maple-13-joint-loss"": [1000, 265000, 27000], ""panel-2-strip-0"": [25000, 265000, 27000]}","{""amount_um"": 1000, ""axis"": 0, ""category"": ""milling"", ""process"": ""jointer"", ""side"": ""max""}"
maple-14-separate,cut,maple-14,maple-14-window;maple-14-reserve,"[108000, 419000, 33000]","{""maple-14-reserve"": [108000, 126000, 33000], ""maple-14-window"": [108000, 290000, 33000]}","{""axis"": 1, ""category"": ""other_offcuts"", ""kerf_um"": 3000, ""kerf_volume_um3"": 10692000000000, ""retained_side"": ""min"", ""retained_um"": 290000, ""tool"": ""saw""}"
maple-14-end-min,cut,maple-14-window,maple-14-end1;maple-14-end-min-off,"[108000, 290000, 33000]","{""maple-14-end-min-off"": [108000, 8000, 33000], ""maple-14-end1"": [108000, 279000, 33000]}","{""axis"": 1, ""category"": ""trim"", ""kerf_um"": 3000, ""kerf_volume_um3"": 10692000000000, ""retained_side"": ""max"", ""retained_um"": 279000, ""tool"": ""saw""}"
maple-14-end-max,cut,maple-14-end1,maple-14-blank;maple-14-end-max-off,"[108000, 279000, 33000]","{""maple-14-blank"": [108000, 265000, 33000], ""maple-14-end-max-off"": [108000, 11000, 33000]}","{""axis"": 1, ""category"": ""trim"", ""kerf_um"": 3000, ""kerf_volume_um3"": 10692000000000, ""retained_side"": ""min"", ""retained_um"": 265000, ""tool"": ""saw""}"
maple-14-zmin,surface,maple-14-blank,maple-14-z1;maple-14-zmin-loss,"[108000, 265000, 33000]","{""maple-14-z1"": [108000, 265000, 30000], ""maple-14-zmin-loss"": [108000, 265000, 3000]}","{""amount_um"": 3000, ""axis"": 2, ""category"": ""milling"", ""process"": ""thickness_planer"", ""side"": ""min""}"
maple-14-zmax,surface,maple-14-z1,maple-14-z2;maple-14-zmax-loss,"[108000, 265000, 30000]","{""maple-14-z2"": [108000, 265000, 27000], ""maple-14-zmax-loss"": [108000, 265000, 3000]}","{""amount_um"": 3000, ""axis"": 2, ""category"": ""milling"", ""process"": ""thickness_planer"", ""side"": ""max""}"
maple-14-xmin,surface,maple-14-z2,maple-14-x1;maple-14-xmin-loss,"[108000, 265000, 27000]","{""maple-14-x1"": [107000, 265000, 27000], ""maple-14-xmin-loss"": [1000, 265000, 27000]}","{""amount_um"": 1000, ""axis"": 0, ""category"": ""milling"", ""process"": ""jointer"", ""side"": ""min""}"
maple-14-xmax,surface,maple-14-x1,maple-14-x2;maple-14-xmax-loss,"[107000, 265000, 27000]","{""maple-14-x2"": [106000, 265000, 27000], ""maple-14-xmax-loss"": [1000, 265000, 27000]}","{""amount_um"": 1000, ""axis"": 0, ""category"": ""milling"", ""process"": ""jointer"", ""side"": ""max""}"
maple-14-rip,cut,maple-14-x2,maple-14-pre;maple-14-rip-off,"[106000, 265000, 27000]","{""maple-14-pre"": [26000, 265000, 27000], ""maple-14-rip-off"": [77000, 265000, 27000]}","{""axis"": 0, ""category"": ""other_offcuts"", ""kerf_um"": 3000, ""kerf_volume_um3"": 21465000000000, ""retained_side"": ""min"", ""retained_um"": 26000, ""tool"": ""saw""}"
maple-14-joint,surface,maple-14-pre,panel-2-strip-1;maple-14-joint-loss,"[26000, 265000, 27000]","{""maple-14-joint-loss"": [1000, 265000, 27000], ""panel-2-strip-1"": [25000, 265000, 27000]}","{""amount_um"": 1000, ""axis"": 0, ""category"": ""milling"", ""process"": ""jointer"", ""side"": ""max""}"
maple-15-separate,cut,maple-15,maple-15-window;maple-15-reserve,"[108000, 419000, 33000]","{""maple-15-reserve"": [108000, 126000, 33000], ""maple-15-window"": [108000, 290000, 33000]}","{""axis"": 1, ""category"": ""other_offcuts"", ""kerf_um"": 3000, ""kerf_volume_um3"": 10692000000000, ""retained_side"": ""min"", ""retained_um"": 290000, ""tool"": ""saw""}"
maple-15-end-min,cut,maple-15-window,maple-15-end1;maple-15-end-min-off,"[108000, 290000, 33000]","{""maple-15-end-min-off"": [108000, 8000, 33000], ""maple-15-end1"": [108000, 279000, 33000]}","{""axis"": 1, ""category"": ""trim"", ""kerf_um"": 3000, ""kerf_volume_um3"": 10692000000000, ""retained_side"": ""max"", ""retained_um"": 279000, ""tool"": ""saw""}"
maple-15-end-max,cut,maple-15-end1,maple-15-blank;maple-15-end-max-off,"[108000, 279000, 33000]","{""maple-15-blank"": [108000, 265000, 33000], ""maple-15-end-max-off"": [108000, 11000, 33000]}","{""axis"": 1, ""category"": ""trim"", ""kerf_um"": 3000, ""kerf_volume_um3"": 10692000000000, ""retained_side"": ""min"", ""retained_um"": 265000, ""tool"": ""saw""}"
maple-15-zmin,surface,maple-15-blank,maple-15-z1;maple-15-zmin-loss,"[108000, 265000, 33000]","{""maple-15-z1"": [108000, 265000, 30000], ""maple-15-zmin-loss"": [108000, 265000, 3000]}","{""amount_um"": 3000, ""axis"": 2, ""category"": ""milling"", ""process"": ""thickness_planer"", ""side"": ""min""}"
maple-15-zmax,surface,maple-15-z1,maple-15-z2;maple-15-zmax-loss,"[108000, 265000, 30000]","{""maple-15-z2"": [108000, 265000, 27000], ""maple-15-zmax-loss"": [108000, 265000, 3000]}","{""amount_um"": 3000, ""axis"": 2, ""category"": ""milling"", ""process"": ""thickness_planer"", ""side"": ""max""}"
maple-15-xmin,surface,maple-15-z2,maple-15-x1;maple-15-xmin-loss,"[108000, 265000, 27000]","{""maple-15-x1"": [107000, 265000, 27000], ""maple-15-xmin-loss"": [1000, 265000, 27000]}","{""amount_um"": 1000, ""axis"": 0, ""category"": ""milling"", ""process"": ""jointer"", ""side"": ""min""}"
maple-15-xmax,surface,maple-15-x1,maple-15-x2;maple-15-xmax-loss,"[107000, 265000, 27000]","{""maple-15-x2"": [106000, 265000, 27000], ""maple-15-xmax-loss"": [1000, 265000, 27000]}","{""amount_um"": 1000, ""axis"": 0, ""category"": ""milling"", ""process"": ""jointer"", ""side"": ""max""}"
maple-15-rip,cut,maple-15-x2,maple-15-pre;maple-15-rip-off,"[106000, 265000, 27000]","{""maple-15-pre"": [26000, 265000, 27000], ""maple-15-rip-off"": [77000, 265000, 27000]}","{""axis"": 0, ""category"": ""other_offcuts"", ""kerf_um"": 3000, ""kerf_volume_um3"": 21465000000000, ""retained_side"": ""min"", ""retained_um"": 26000, ""tool"": ""saw""}"
maple-15-joint,surface,maple-15-pre,panel-2-strip-2;maple-15-joint-loss,"[26000, 265000, 27000]","{""maple-15-joint-loss"": [1000, 265000, 27000], ""panel-2-strip-2"": [25000, 265000, 27000]}","{""amount_um"": 1000, ""axis"": 0, ""category"": ""milling"", ""process"": ""jointer"", ""side"": ""max""}"
maple-16-separate,cut,maple-16,maple-16-window;maple-16-reserve,"[108000, 419000, 33000]","{""maple-16-reserve"": [108000, 126000, 33000], ""maple-16-window"": [108000, 290000, 33000]}","{""axis"": 1, ""category"": ""other_offcuts"", ""kerf_um"": 3000, ""kerf_volume_um3"": 10692000000000, ""retained_side"": ""min"", ""retained_um"": 290000, ""tool"": ""saw""}"
maple-16-end-min,cut,maple-16-window,maple-16-end1;maple-16-end-min-off,"[108000, 290000, 33000]","{""maple-16-end-min-off"": [108000, 8000, 33000], ""maple-16-end1"": [108000, 279000, 33000]}","{""axis"": 1, ""category"": ""trim"", ""kerf_um"": 3000, ""kerf_volume_um3"": 10692000000000, ""retained_side"": ""max"", ""retained_um"": 279000, ""tool"": ""saw""}"
maple-16-end-max,cut,maple-16-end1,maple-16-blank;maple-16-end-max-off,"[108000, 279000, 33000]","{""maple-16-blank"": [108000, 265000, 33000], ""maple-16-end-max-off"": [108000, 11000, 33000]}","{""axis"": 1, ""category"": ""trim"", ""kerf_um"": 3000, ""kerf_volume_um3"": 10692000000000, ""retained_side"": ""min"", ""retained_um"": 265000, ""tool"": ""saw""}"
maple-16-zmin,surface,maple-16-blank,maple-16-z1;maple-16-zmin-loss,"[108000, 265000, 33000]","{""maple-16-z1"": [108000, 265000, 30000], ""maple-16-zmin-loss"": [108000, 265000, 3000]}","{""amount_um"": 3000, ""axis"": 2, ""category"": ""milling"", ""process"": ""thickness_planer"", ""side"": ""min""}"
maple-16-zmax,surface,maple-16-z1,maple-16-z2;maple-16-zmax-loss,"[108000, 265000, 30000]","{""maple-16-z2"": [108000, 265000, 27000], ""maple-16-zmax-loss"": [108000, 265000, 3000]}","{""amount_um"": 3000, ""axis"": 2, ""category"": ""milling"", ""process"": ""thickness_planer"", ""side"": ""max""}"
maple-16-xmin,surface,maple-16-z2,maple-16-x1;maple-16-xmin-loss,"[108000, 265000, 27000]","{""maple-16-x1"": [107000, 265000, 27000], ""maple-16-xmin-loss"": [1000, 265000, 27000]}","{""amount_um"": 1000, ""axis"": 0, ""category"": ""milling"", ""process"": ""jointer"", ""side"": ""min""}"
maple-16-xmax,surface,maple-16-x1,maple-16-x2;maple-16-xmax-loss,"[107000, 265000, 27000]","{""maple-16-x2"": [106000, 265000, 27000], ""maple-16-xmax-loss"": [1000, 265000, 27000]}","{""amount_um"": 1000, ""axis"": 0, ""category"": ""milling"", ""process"": ""jointer"", ""side"": ""max""}"
maple-16-rip,cut,maple-16-x2,maple-16-pre;maple-16-rip-off,"[106000, 265000, 27000]","{""maple-16-pre"": [26000, 265000, 27000], ""maple-16-rip-off"": [77000, 265000, 27000]}","{""axis"": 0, ""category"": ""other_offcuts"", ""kerf_um"": 3000, ""kerf_volume_um3"": 21465000000000, ""retained_side"": ""min"", ""retained_um"": 26000, ""tool"": ""saw""}"
maple-16-joint,surface,maple-16-pre,panel-2-strip-3;maple-16-joint-loss,"[26000, 265000, 27000]","{""maple-16-joint-loss"": [1000, 265000, 27000], ""panel-2-strip-3"": [25000, 265000, 27000]}","{""amount_um"": 1000, ""axis"": 0, ""category"": ""milling"", ""process"": ""jointer"", ""side"": ""max""}"
walnut-1-separate,cut,walnut-1,walnut-1-window;walnut-1-reserve,"[83000, 419000, 37000]","{""walnut-1-reserve"": [83000, 126000, 37000], ""walnut-1-window"": [83000, 290000, 37000]}","{""axis"": 1, ""category"": ""other_offcuts"", ""kerf_um"": 3000, ""kerf_volume_um3"": 9213000000000, ""retained_side"": ""min"", ""retained_um"": 290000, ""tool"": ""saw""}"
walnut-1-end-min,cut,walnut-1-window,walnut-1-end1;walnut-1-end-min-off,"[83000, 290000, 37000]","{""walnut-1-end-min-off"": [83000, 8000, 37000], ""walnut-1-end1"": [83000, 279000, 37000]}","{""axis"": 1, ""category"": ""trim"", ""kerf_um"": 3000, ""kerf_volume_um3"": 9213000000000, ""retained_side"": ""max"", ""retained_um"": 279000, ""tool"": ""saw""}"
walnut-1-end-max,cut,walnut-1-end1,walnut-1-blank;walnut-1-end-max-off,"[83000, 279000, 37000]","{""walnut-1-blank"": [83000, 265000, 37000], ""walnut-1-end-max-off"": [83000, 11000, 37000]}","{""axis"": 1, ""category"": ""trim"", ""kerf_um"": 3000, ""kerf_volume_um3"": 9213000000000, ""retained_side"": ""min"", ""retained_um"": 265000, ""tool"": ""saw""}"
walnut-1-zmin,surface,walnut-1-blank,walnut-1-z1;walnut-1-zmin-loss,"[83000, 265000, 37000]","{""walnut-1-z1"": [83000, 265000, 32000], ""walnut-1-zmin-loss"": [83000, 265000, 5000]}","{""amount_um"": 5000, ""axis"": 2, ""category"": ""milling"", ""process"": ""thickness_planer"", ""side"": ""min""}"
walnut-1-zmax,surface,walnut-1-z1,walnut-1-z2;walnut-1-zmax-loss,"[83000, 265000, 32000]","{""walnut-1-z2"": [83000, 265000, 27000], ""walnut-1-zmax-loss"": [83000, 265000, 5000]}","{""amount_um"": 5000, ""axis"": 2, ""category"": ""milling"", ""process"": ""thickness_planer"", ""side"": ""max""}"
walnut-1-xmin,surface,walnut-1-z2,walnut-1-x1;walnut-1-xmin-loss,"[83000, 265000, 27000]","{""walnut-1-x1"": [82000, 265000, 27000], ""walnut-1-xmin-loss"": [1000, 265000, 27000]}","{""amount_um"": 1000, ""axis"": 0, ""category"": ""milling"", ""process"": ""jointer"", ""side"": ""min""}"
walnut-1-xmax,surface,walnut-1-x1,walnut-1-x2;walnut-1-xmax-loss,"[82000, 265000, 27000]","{""walnut-1-x2"": [81000, 265000, 27000], ""walnut-1-xmax-loss"": [1000, 265000, 27000]}","{""amount_um"": 1000, ""axis"": 0, ""category"": ""milling"", ""process"": ""jointer"", ""side"": ""max""}"
walnut-1-rip,cut,walnut-1-x2,walnut-1-pre;walnut-1-rip-off,"[81000, 265000, 27000]","{""walnut-1-pre"": [26000, 265000, 27000], ""walnut-1-rip-off"": [52000, 265000, 27000]}","{""axis"": 0, ""category"": ""other_offcuts"", ""kerf_um"": 3000, ""kerf_volume_um3"": 21465000000000, ""retained_side"": ""min"", ""retained_um"": 26000, ""tool"": ""saw""}"
walnut-1-joint,surface,walnut-1-pre,panel-2-strip-4;walnut-1-joint-loss,"[26000, 265000, 27000]","{""panel-2-strip-4"": [25000, 265000, 27000], ""walnut-1-joint-loss"": [1000, 265000, 27000]}","{""amount_um"": 1000, ""axis"": 0, ""category"": ""milling"", ""process"": ""jointer"", ""side"": ""max""}"
walnut-2-separate,cut,walnut-2,walnut-2-window;walnut-2-reserve,"[83000, 419000, 37000]","{""walnut-2-reserve"": [83000, 126000, 37000], ""walnut-2-window"": [83000, 290000, 37000]}","{""axis"": 1, ""category"": ""other_offcuts"", ""kerf_um"": 3000, ""kerf_volume_um3"": 9213000000000, ""retained_side"": ""min"", ""retained_um"": 290000, ""tool"": ""saw""}"
walnut-2-end-min,cut,walnut-2-window,walnut-2-end1;walnut-2-end-min-off,"[83000, 290000, 37000]","{""walnut-2-end-min-off"": [83000, 8000, 37000], ""walnut-2-end1"": [83000, 279000, 37000]}","{""axis"": 1, ""category"": ""trim"", ""kerf_um"": 3000, ""kerf_volume_um3"": 9213000000000, ""retained_side"": ""max"", ""retained_um"": 279000, ""tool"": ""saw""}"
walnut-2-end-max,cut,walnut-2-end1,walnut-2-blank;walnut-2-end-max-off,"[83000, 279000, 37000]","{""walnut-2-blank"": [83000, 265000, 37000], ""walnut-2-end-max-off"": [83000, 11000, 37000]}","{""axis"": 1, ""category"": ""trim"", ""kerf_um"": 3000, ""kerf_volume_um3"": 9213000000000, ""retained_side"": ""min"", ""retained_um"": 265000, ""tool"": ""saw""}"
walnut-2-zmin,surface,walnut-2-blank,walnut-2-z1;walnut-2-zmin-loss,"[83000, 265000, 37000]","{""walnut-2-z1"": [83000, 265000, 32000], ""walnut-2-zmin-loss"": [83000, 265000, 5000]}","{""amount_um"": 5000, ""axis"": 2, ""category"": ""milling"", ""process"": ""thickness_planer"", ""side"": ""min""}"
walnut-2-zmax,surface,walnut-2-z1,walnut-2-z2;walnut-2-zmax-loss,"[83000, 265000, 32000]","{""walnut-2-z2"": [83000, 265000, 27000], ""walnut-2-zmax-loss"": [83000, 265000, 5000]}","{""amount_um"": 5000, ""axis"": 2, ""category"": ""milling"", ""process"": ""thickness_planer"", ""side"": ""max""}"
walnut-2-xmin,surface,walnut-2-z2,walnut-2-x1;walnut-2-xmin-loss,"[83000, 265000, 27000]","{""walnut-2-x1"": [82000, 265000, 27000], ""walnut-2-xmin-loss"": [1000, 265000, 27000]}","{""amount_um"": 1000, ""axis"": 0, ""category"": ""milling"", ""process"": ""jointer"", ""side"": ""min""}"
walnut-2-xmax,surface,walnut-2-x1,walnut-2-x2;walnut-2-xmax-loss,"[82000, 265000, 27000]","{""walnut-2-x2"": [81000, 265000, 27000], ""walnut-2-xmax-loss"": [1000, 265000, 27000]}","{""amount_um"": 1000, ""axis"": 0, ""category"": ""milling"", ""process"": ""jointer"", ""side"": ""max""}"
walnut-2-rip,cut,walnut-2-x2,walnut-2-pre;walnut-2-rip-off,"[81000, 265000, 27000]","{""walnut-2-pre"": [26000, 265000, 27000], ""walnut-2-rip-off"": [52000, 265000, 27000]}","{""axis"": 0, ""category"": ""other_offcuts"", ""kerf_um"": 3000, ""kerf_volume_um3"": 21465000000000, ""retained_side"": ""min"", ""retained_um"": 26000, ""tool"": ""saw""}"
walnut-2-joint,surface,walnut-2-pre,panel-2-strip-5;walnut-2-joint-loss,"[26000, 265000, 27000]","{""panel-2-strip-5"": [25000, 265000, 27000], ""walnut-2-joint-loss"": [1000, 265000, 27000]}","{""amount_um"": 1000, ""axis"": 0, ""category"": ""milling"", ""process"": ""jointer"", ""side"": ""max""}"
walnut-3-separate,cut,walnut-3,walnut-3-window;walnut-3-reserve,"[83000, 419000, 37000]","{""walnut-3-reserve"": [83000, 126000, 37000], ""walnut-3-window"": [83000, 290000, 37000]}","{""axis"": 1, ""category"": ""other_offcuts"", ""kerf_um"": 3000, ""kerf_volume_um3"": 9213000000000, ""retained_side"": ""min"", ""retained_um"": 290000, ""tool"": ""saw""}"
walnut-3-end-min,cut,walnut-3-window,walnut-3-end1;walnut-3-end-min-off,"[83000, 290000, 37000]","{""walnut-3-end-min-off"": [83000, 8000, 37000], ""walnut-3-end1"": [83000, 279000, 37000]}","{""axis"": 1, ""category"": ""trim"", ""kerf_um"": 3000, ""kerf_volume_um3"": 9213000000000, ""retained_side"": ""max"", ""retained_um"": 279000, ""tool"": ""saw""}"
walnut-3-end-max,cut,walnut-3-end1,walnut-3-blank;walnut-3-end-max-off,"[83000, 279000, 37000]","{""walnut-3-blank"": [83000, 265000, 37000], ""walnut-3-end-max-off"": [83000, 11000, 37000]}","{""axis"": 1, ""category"": ""trim"", ""kerf_um"": 3000, ""kerf_volume_um3"": 9213000000000, ""retained_side"": ""min"", ""retained_um"": 265000, ""tool"": ""saw""}"
walnut-3-zmin,surface,walnut-3-blank,walnut-3-z1;walnut-3-zmin-loss,"[83000, 265000, 37000]","{""walnut-3-z1"": [83000, 265000, 32000], ""walnut-3-zmin-loss"": [83000, 265000, 5000]}","{""amount_um"": 5000, ""axis"": 2, ""category"": ""milling"", ""process"": ""thickness_planer"", ""side"": ""min""}"
walnut-3-zmax,surface,walnut-3-z1,walnut-3-z2;walnut-3-zmax-loss,"[83000, 265000, 32000]","{""walnut-3-z2"": [83000, 265000, 27000], ""walnut-3-zmax-loss"": [83000, 265000, 5000]}","{""amount_um"": 5000, ""axis"": 2, ""category"": ""milling"", ""process"": ""thickness_planer"", ""side"": ""max""}"
walnut-3-xmin,surface,walnut-3-z2,walnut-3-x1;walnut-3-xmin-loss,"[83000, 265000, 27000]","{""walnut-3-x1"": [82000, 265000, 27000], ""walnut-3-xmin-loss"": [1000, 265000, 27000]}","{""amount_um"": 1000, ""axis"": 0, ""category"": ""milling"", ""process"": ""jointer"", ""side"": ""min""}"
walnut-3-xmax,surface,walnut-3-x1,walnut-3-x2;walnut-3-xmax-loss,"[82000, 265000, 27000]","{""walnut-3-x2"": [81000, 265000, 27000], ""walnut-3-xmax-loss"": [1000, 265000, 27000]}","{""amount_um"": 1000, ""axis"": 0, ""category"": ""milling"", ""process"": ""jointer"", ""side"": ""max""}"
walnut-3-rip,cut,walnut-3-x2,walnut-3-pre;walnut-3-rip-off,"[81000, 265000, 27000]","{""walnut-3-pre"": [26000, 265000, 27000], ""walnut-3-rip-off"": [52000, 265000, 27000]}","{""axis"": 0, ""category"": ""other_offcuts"", ""kerf_um"": 3000, ""kerf_volume_um3"": 21465000000000, ""retained_side"": ""min"", ""retained_um"": 26000, ""tool"": ""saw""}"
walnut-3-joint,surface,walnut-3-pre,panel-2-strip-6;walnut-3-joint-loss,"[26000, 265000, 27000]","{""panel-2-strip-6"": [25000, 265000, 27000], ""walnut-3-joint-loss"": [1000, 265000, 27000]}","{""amount_um"": 1000, ""axis"": 0, ""category"": ""milling"", ""process"": ""jointer"", ""side"": ""max""}"
walnut-4-separate,cut,walnut-4,walnut-4-window;walnut-4-reserve,"[83000, 419000, 37000]","{""walnut-4-reserve"": [83000, 126000, 37000], ""walnut-4-window"": [83000, 290000, 37000]}","{""axis"": 1, ""category"": ""other_offcuts"", ""kerf_um"": 3000, ""kerf_volume_um3"": 9213000000000, ""retained_side"": ""min"", ""retained_um"": 290000, ""tool"": ""saw""}"
walnut-4-end-min,cut,walnut-4-window,walnut-4-end1;walnut-4-end-min-off,"[83000, 290000, 37000]","{""walnut-4-end-min-off"": [83000, 8000, 37000], ""walnut-4-end1"": [83000, 279000, 37000]}","{""axis"": 1, ""category"": ""trim"", ""kerf_um"": 3000, ""kerf_volume_um3"": 9213000000000, ""retained_side"": ""max"", ""retained_um"": 279000, ""tool"": ""saw""}"
walnut-4-end-max,cut,walnut-4-end1,walnut-4-blank;walnut-4-end-max-off,"[83000, 279000, 37000]","{""walnut-4-blank"": [83000, 265000, 37000], ""walnut-4-end-max-off"": [83000, 11000, 37000]}","{""axis"": 1, ""category"": ""trim"", ""kerf_um"": 3000, ""kerf_volume_um3"": 9213000000000, ""retained_side"": ""min"", ""retained_um"": 265000, ""tool"": ""saw""}"
walnut-4-zmin,surface,walnut-4-blank,walnut-4-z1;walnut-4-zmin-loss,"[83000, 265000, 37000]","{""walnut-4-z1"": [83000, 265000, 32000], ""walnut-4-zmin-loss"": [83000, 265000, 5000]}","{""amount_um"": 5000, ""axis"": 2, ""category"": ""milling"", ""process"": ""thickness_planer"", ""side"": ""min""}"
walnut-4-zmax,surface,walnut-4-z1,walnut-4-z2;walnut-4-zmax-loss,"[83000, 265000, 32000]","{""walnut-4-z2"": [83000, 265000, 27000], ""walnut-4-zmax-loss"": [83000, 265000, 5000]}","{""amount_um"": 5000, ""axis"": 2, ""category"": ""milling"", ""process"": ""thickness_planer"", ""side"": ""max""}"
walnut-4-xmin,surface,walnut-4-z2,walnut-4-x1;walnut-4-xmin-loss,"[83000, 265000, 27000]","{""walnut-4-x1"": [82000, 265000, 27000], ""walnut-4-xmin-loss"": [1000, 265000, 27000]}","{""amount_um"": 1000, ""axis"": 0, ""category"": ""milling"", ""process"": ""jointer"", ""side"": ""min""}"
walnut-4-xmax,surface,walnut-4-x1,walnut-4-x2;walnut-4-xmax-loss,"[82000, 265000, 27000]","{""walnut-4-x2"": [81000, 265000, 27000], ""walnut-4-xmax-loss"": [1000, 265000, 27000]}","{""amount_um"": 1000, ""axis"": 0, ""category"": ""milling"", ""process"": ""jointer"", ""side"": ""max""}"
walnut-4-rip,cut,walnut-4-x2,walnut-4-pre;walnut-4-rip-off,"[81000, 265000, 27000]","{""walnut-4-pre"": [26000, 265000, 27000], ""walnut-4-rip-off"": [52000, 265000, 27000]}","{""axis"": 0, ""category"": ""other_offcuts"", ""kerf_um"": 3000, ""kerf_volume_um3"": 21465000000000, ""retained_side"": ""min"", ""retained_um"": 26000, ""tool"": ""saw""}"
walnut-4-joint,surface,walnut-4-pre,panel-2-strip-7;walnut-4-joint-loss,"[26000, 265000, 27000]","{""panel-2-strip-7"": [25000, 265000, 27000], ""walnut-4-joint-loss"": [1000, 265000, 27000]}","{""amount_um"": 1000, ""axis"": 0, ""category"": ""milling"", ""process"": ""jointer"", ""side"": ""max""}"
maple-17-separate,cut,maple-17,maple-17-window;maple-17-reserve,"[108000, 419000, 33000]","{""maple-17-reserve"": [108000, 126000, 33000], ""maple-17-window"": [108000, 290000, 33000]}","{""axis"": 1, ""category"": ""other_offcuts"", ""kerf_um"": 3000, ""kerf_volume_um3"": 10692000000000, ""retained_side"": ""min"", ""retained_um"": 290000, ""tool"": ""saw""}"
maple-17-end-min,cut,maple-17-window,maple-17-end1;maple-17-end-min-off,"[108000, 290000, 33000]","{""maple-17-end-min-off"": [108000, 8000, 33000], ""maple-17-end1"": [108000, 279000, 33000]}","{""axis"": 1, ""category"": ""trim"", ""kerf_um"": 3000, ""kerf_volume_um3"": 10692000000000, ""retained_side"": ""max"", ""retained_um"": 279000, ""tool"": ""saw""}"
maple-17-end-max,cut,maple-17-end1,maple-17-blank;maple-17-end-max-off,"[108000, 279000, 33000]","{""maple-17-blank"": [108000, 265000, 33000], ""maple-17-end-max-off"": [108000, 11000, 33000]}","{""axis"": 1, ""category"": ""trim"", ""kerf_um"": 3000, ""kerf_volume_um3"": 10692000000000, ""retained_side"": ""min"", ""retained_um"": 265000, ""tool"": ""saw""}"
maple-17-zmin,surface,maple-17-blank,maple-17-z1;maple-17-zmin-loss,"[108000, 265000, 33000]","{""maple-17-z1"": [108000, 265000, 30000], ""maple-17-zmin-loss"": [108000, 265000, 3000]}","{""amount_um"": 3000, ""axis"": 2, ""category"": ""milling"", ""process"": ""thickness_planer"", ""side"": ""min""}"
maple-17-zmax,surface,maple-17-z1,maple-17-z2;maple-17-zmax-loss,"[108000, 265000, 30000]","{""maple-17-z2"": [108000, 265000, 27000], ""maple-17-zmax-loss"": [108000, 265000, 3000]}","{""amount_um"": 3000, ""axis"": 2, ""category"": ""milling"", ""process"": ""thickness_planer"", ""side"": ""max""}"
maple-17-xmin,surface,maple-17-z2,maple-17-x1;maple-17-xmin-loss,"[108000, 265000, 27000]","{""maple-17-x1"": [107000, 265000, 27000], ""maple-17-xmin-loss"": [1000, 265000, 27000]}","{""amount_um"": 1000, ""axis"": 0, ""category"": ""milling"", ""process"": ""jointer"", ""side"": ""min""}"
maple-17-xmax,surface,maple-17-x1,maple-17-x2;maple-17-xmax-loss,"[107000, 265000, 27000]","{""maple-17-x2"": [106000, 265000, 27000], ""maple-17-xmax-loss"": [1000, 265000, 27000]}","{""amount_um"": 1000, ""axis"": 0, ""category"": ""milling"", ""process"": ""jointer"", ""side"": ""max""}"
maple-17-rip,cut,maple-17-x2,maple-17-pre;maple-17-rip-off,"[106000, 265000, 27000]","{""maple-17-pre"": [26000, 265000, 27000], ""maple-17-rip-off"": [77000, 265000, 27000]}","{""axis"": 0, ""category"": ""other_offcuts"", ""kerf_um"": 3000, ""kerf_volume_um3"": 21465000000000, ""retained_side"": ""min"", ""retained_um"": 26000, ""tool"": ""saw""}"
maple-17-joint,surface,maple-17-pre,panel-2-strip-8;maple-17-joint-loss,"[26000, 265000, 27000]","{""maple-17-joint-loss"": [1000, 265000, 27000], ""panel-2-strip-8"": [25000, 265000, 27000]}","{""amount_um"": 1000, ""axis"": 0, ""category"": ""milling"", ""process"": ""jointer"", ""side"": ""max""}"
maple-18-separate,cut,maple-18,maple-18-window;maple-18-reserve,"[108000, 419000, 33000]","{""maple-18-reserve"": [108000, 126000, 33000], ""maple-18-window"": [108000, 290000, 33000]}","{""axis"": 1, ""category"": ""other_offcuts"", ""kerf_um"": 3000, ""kerf_volume_um3"": 10692000000000, ""retained_side"": ""min"", ""retained_um"": 290000, ""tool"": ""saw""}"
maple-18-end-min,cut,maple-18-window,maple-18-end1;maple-18-end-min-off,"[108000, 290000, 33000]","{""maple-18-end-min-off"": [108000, 8000, 33000], ""maple-18-end1"": [108000, 279000, 33000]}","{""axis"": 1, ""category"": ""trim"", ""kerf_um"": 3000, ""kerf_volume_um3"": 10692000000000, ""retained_side"": ""max"", ""retained_um"": 279000, ""tool"": ""saw""}"
maple-18-end-max,cut,maple-18-end1,maple-18-blank;maple-18-end-max-off,"[108000, 279000, 33000]","{""maple-18-blank"": [108000, 265000, 33000], ""maple-18-end-max-off"": [108000, 11000, 33000]}","{""axis"": 1, ""category"": ""trim"", ""kerf_um"": 3000, ""kerf_volume_um3"": 10692000000000, ""retained_side"": ""min"", ""retained_um"": 265000, ""tool"": ""saw""}"
maple-18-zmin,surface,maple-18-blank,maple-18-z1;maple-18-zmin-loss,"[108000, 265000, 33000]","{""maple-18-z1"": [108000, 265000, 30000], ""maple-18-zmin-loss"": [108000, 265000, 3000]}","{""amount_um"": 3000, ""axis"": 2, ""category"": ""milling"", ""process"": ""thickness_planer"", ""side"": ""min""}"
maple-18-zmax,surface,maple-18-z1,maple-18-z2;maple-18-zmax-loss,"[108000, 265000, 30000]","{""maple-18-z2"": [108000, 265000, 27000], ""maple-18-zmax-loss"": [108000, 265000, 3000]}","{""amount_um"": 3000, ""axis"": 2, ""category"": ""milling"", ""process"": ""thickness_planer"", ""side"": ""max""}"
maple-18-xmin,surface,maple-18-z2,maple-18-x1;maple-18-xmin-loss,"[108000, 265000, 27000]","{""maple-18-x1"": [107000, 265000, 27000], ""maple-18-xmin-loss"": [1000, 265000, 27000]}","{""amount_um"": 1000, ""axis"": 0, ""category"": ""milling"", ""process"": ""jointer"", ""side"": ""min""}"
maple-18-xmax,surface,maple-18-x1,maple-18-x2;maple-18-xmax-loss,"[107000, 265000, 27000]","{""maple-18-x2"": [106000, 265000, 27000], ""maple-18-xmax-loss"": [1000, 265000, 27000]}","{""amount_um"": 1000, ""axis"": 0, ""category"": ""milling"", ""process"": ""jointer"", ""side"": ""max""}"
maple-18-rip,cut,maple-18-x2,maple-18-pre;maple-18-rip-off,"[106000, 265000, 27000]","{""maple-18-pre"": [26000, 265000, 27000], ""maple-18-rip-off"": [77000, 265000, 27000]}","{""axis"": 0, ""category"": ""other_offcuts"", ""kerf_um"": 3000, ""kerf_volume_um3"": 21465000000000, ""retained_side"": ""min"", ""retained_um"": 26000, ""tool"": ""saw""}"
maple-18-joint,surface,maple-18-pre,panel-2-strip-9;maple-18-joint-loss,"[26000, 265000, 27000]","{""maple-18-joint-loss"": [1000, 265000, 27000], ""panel-2-strip-9"": [25000, 265000, 27000]}","{""amount_um"": 1000, ""axis"": 0, ""category"": ""milling"", ""process"": ""jointer"", ""side"": ""max""}"
maple-19-separate,cut,maple-19,maple-19-window;maple-19-reserve,"[108000, 419000, 33000]","{""maple-19-reserve"": [108000, 126000, 33000], ""maple-19-window"": [108000, 290000, 33000]}","{""axis"": 1, ""category"": ""other_offcuts"", ""kerf_um"": 3000, ""kerf_volume_um3"": 10692000000000, ""retained_side"": ""min"", ""retained_um"": 290000, ""tool"": ""saw""}"
maple-19-end-min,cut,maple-19-window,maple-19-end1;maple-19-end-min-off,"[108000, 290000, 33000]","{""maple-19-end-min-off"": [108000, 8000, 33000], ""maple-19-end1"": [108000, 279000, 33000]}","{""axis"": 1, ""category"": ""trim"", ""kerf_um"": 3000, ""kerf_volume_um3"": 10692000000000, ""retained_side"": ""max"", ""retained_um"": 279000, ""tool"": ""saw""}"
maple-19-end-max,cut,maple-19-end1,maple-19-blank;maple-19-end-max-off,"[108000, 279000, 33000]","{""maple-19-blank"": [108000, 265000, 33000], ""maple-19-end-max-off"": [108000, 11000, 33000]}","{""axis"": 1, ""category"": ""trim"", ""kerf_um"": 3000, ""kerf_volume_um3"": 10692000000000, ""retained_side"": ""min"", ""retained_um"": 265000, ""tool"": ""saw""}"
maple-19-zmin,surface,maple-19-blank,maple-19-z1;maple-19-zmin-loss,"[108000, 265000, 33000]","{""maple-19-z1"": [108000, 265000, 30000], ""maple-19-zmin-loss"": [108000, 265000, 3000]}","{""amount_um"": 3000, ""axis"": 2, ""category"": ""milling"", ""process"": ""thickness_planer"", ""side"": ""min""}"
maple-19-zmax,surface,maple-19-z1,maple-19-z2;maple-19-zmax-loss,"[108000, 265000, 30000]","{""maple-19-z2"": [108000, 265000, 27000], ""maple-19-zmax-loss"": [108000, 265000, 3000]}","{""amount_um"": 3000, ""axis"": 2, ""category"": ""milling"", ""process"": ""thickness_planer"", ""side"": ""max""}"
maple-19-xmin,surface,maple-19-z2,maple-19-x1;maple-19-xmin-loss,"[108000, 265000, 27000]","{""maple-19-x1"": [107000, 265000, 27000], ""maple-19-xmin-loss"": [1000, 265000, 27000]}","{""amount_um"": 1000, ""axis"": 0, ""category"": ""milling"", ""process"": ""jointer"", ""side"": ""min""}"
maple-19-xmax,surface,maple-19-x1,maple-19-x2;maple-19-xmax-loss,"[107000, 265000, 27000]","{""maple-19-x2"": [106000, 265000, 27000], ""maple-19-xmax-loss"": [1000, 265000, 27000]}","{""amount_um"": 1000, ""axis"": 0, ""category"": ""milling"", ""process"": ""jointer"", ""side"": ""max""}"
maple-19-rip,cut,maple-19-x2,maple-19-pre;maple-19-rip-off,"[106000, 265000, 27000]","{""maple-19-pre"": [26000, 265000, 27000], ""maple-19-rip-off"": [77000, 265000, 27000]}","{""axis"": 0, ""category"": ""other_offcuts"", ""kerf_um"": 3000, ""kerf_volume_um3"": 21465000000000, ""retained_side"": ""min"", ""retained_um"": 26000, ""tool"": ""saw""}"
maple-19-joint,surface,maple-19-pre,panel-2-strip-10;maple-19-joint-loss,"[26000, 265000, 27000]","{""maple-19-joint-loss"": [1000, 265000, 27000], ""panel-2-strip-10"": [25000, 265000, 27000]}","{""amount_um"": 1000, ""axis"": 0, ""category"": ""milling"", ""process"": ""jointer"", ""side"": ""max""}"
maple-20-separate,cut,maple-20,maple-20-window;maple-20-reserve,"[108000, 419000, 33000]","{""maple-20-reserve"": [108000, 126000, 33000], ""maple-20-window"": [108000, 290000, 33000]}","{""axis"": 1, ""category"": ""other_offcuts"", ""kerf_um"": 3000, ""kerf_volume_um3"": 10692000000000, ""retained_side"": ""min"", ""retained_um"": 290000, ""tool"": ""saw""}"
maple-20-end-min,cut,maple-20-window,maple-20-end1;maple-20-end-min-off,"[108000, 290000, 33000]","{""maple-20-end-min-off"": [108000, 8000, 33000], ""maple-20-end1"": [108000, 279000, 33000]}","{""axis"": 1, ""category"": ""trim"", ""kerf_um"": 3000, ""kerf_volume_um3"": 10692000000000, ""retained_side"": ""max"", ""retained_um"": 279000, ""tool"": ""saw""}"
maple-20-end-max,cut,maple-20-end1,maple-20-blank;maple-20-end-max-off,"[108000, 279000, 33000]","{""maple-20-blank"": [108000, 265000, 33000], ""maple-20-end-max-off"": [108000, 11000, 33000]}","{""axis"": 1, ""category"": ""trim"", ""kerf_um"": 3000, ""kerf_volume_um3"": 10692000000000, ""retained_side"": ""min"", ""retained_um"": 265000, ""tool"": ""saw""}"
maple-20-zmin,surface,maple-20-blank,maple-20-z1;maple-20-zmin-loss,"[108000, 265000, 33000]","{""maple-20-z1"": [108000, 265000, 30000], ""maple-20-zmin-loss"": [108000, 265000, 3000]}","{""amount_um"": 3000, ""axis"": 2, ""category"": ""milling"", ""process"": ""thickness_planer"", ""side"": ""min""}"
maple-20-zmax,surface,maple-20-z1,maple-20-z2;maple-20-zmax-loss,"[108000, 265000, 30000]","{""maple-20-z2"": [108000, 265000, 27000], ""maple-20-zmax-loss"": [108000, 265000, 3000]}","{""amount_um"": 3000, ""axis"": 2, ""category"": ""milling"", ""process"": ""thickness_planer"", ""side"": ""max""}"
maple-20-xmin,surface,maple-20-z2,maple-20-x1;maple-20-xmin-loss,"[108000, 265000, 27000]","{""maple-20-x1"": [107000, 265000, 27000], ""maple-20-xmin-loss"": [1000, 265000, 27000]}","{""amount_um"": 1000, ""axis"": 0, ""category"": ""milling"", ""process"": ""jointer"", ""side"": ""min""}"
maple-20-xmax,surface,maple-20-x1,maple-20-x2;maple-20-xmax-loss,"[107000, 265000, 27000]","{""maple-20-x2"": [106000, 265000, 27000], ""maple-20-xmax-loss"": [1000, 265000, 27000]}","{""amount_um"": 1000, ""axis"": 0, ""category"": ""milling"", ""process"": ""jointer"", ""side"": ""max""}"
maple-20-rip,cut,maple-20-x2,maple-20-pre;maple-20-rip-off,"[106000, 265000, 27000]","{""maple-20-pre"": [26000, 265000, 27000], ""maple-20-rip-off"": [77000, 265000, 27000]}","{""axis"": 0, ""category"": ""other_offcuts"", ""kerf_um"": 3000, ""kerf_volume_um3"": 21465000000000, ""retained_side"": ""min"", ""retained_um"": 26000, ""tool"": ""saw""}"
maple-20-joint,surface,maple-20-pre,panel-2-strip-11;maple-20-joint-loss,"[26000, 265000, 27000]","{""maple-20-joint-loss"": [1000, 265000, 27000], ""panel-2-strip-11"": [25000, 265000, 27000]}","{""amount_um"": 1000, ""axis"": 0, ""category"": ""milling"", ""process"": ""jointer"", ""side"": ""max""}"
panel-2-glue,glue,panel-2-strip-0;panel-2-strip-1;panel-2-strip-2;panel-2-strip-3;panel-2-strip-4;panel-2-strip-5;panel-2-strip-6;panel-2-strip-7;panel-2-strip-8;panel-2-strip-9;panel-2-strip-10;panel-2-strip-11,panel-2-raw,"{""panel-2-strip-0"": [25000, 265000, 27000], ""panel-2-strip-1"": [25000, 265000, 27000], ""panel-2-strip-10"": [25000, 265000, 27000], ""panel-2-strip-11"": [25000, 265000, 27000], ""panel-2-strip-2"": [25000, 265000, 27000], ""panel-2-strip-3"": [25000, 265000, 27000], ""panel-2-strip-4"": [25000, 265000, 27000], ""panel-2-strip-5"": [25000, 265000, 27000], ""panel-2-strip-6"": [25000, 265000, 27000], ""panel-2-strip-7"": [25000, 265000, 27000], ""panel-2-strip-8"": [25000, 265000, 27000], ""panel-2-strip-9"": [25000, 265000, 27000]}","{""panel-2-raw"": [300000, 265000, 27000]}","{""axis"": 0, ""joint_count"": 11, ""negligible_glue_line"": true, ""prepared_faces"": true, ""stage"": ""first""}"
panel-2-zmin,surface,panel-2-raw,panel-2-z1;panel-2-zmin-loss,"[300000, 265000, 27000]","{""panel-2-z1"": [300000, 265000, 26000], ""panel-2-zmin-loss"": [300000, 265000, 1000]}","{""amount_um"": 1000, ""axis"": 2, ""category"": ""milling"", ""process"": ""thickness_planer"", ""side"": ""min""}"
panel-2-zmax,surface,panel-2-z1,panel-2-flat;panel-2-zmax-loss,"[300000, 265000, 26000]","{""panel-2-flat"": [300000, 265000, 25000], ""panel-2-zmax-loss"": [300000, 265000, 1000]}","{""amount_um"": 1000, ""axis"": 2, ""category"": ""milling"", ""process"": ""thickness_planer"", ""side"": ""max""}"
panel-2-slice-0,cut,panel-2-flat,slice-5;panel-2-remainder-0,"[300000, 265000, 25000]","{""panel-2-remainder-0"": [300000, 230000, 25000], ""slice-5"": [300000, 32000, 25000]}","{""axis"": 1, ""category"": ""other_offcuts"", ""kerf_um"": 3000, ""kerf_volume_um3"": 22500000000000, ""retained_side"": ""min"", ""retained_um"": 32000, ""tool"": ""saw""}"
row-5-rotate,rotate,slice-5,row-5,"[300000, 32000, 25000]","{""row-5"": [300000, 25000, 32000]}","{""perm"": [0, 2, 1], ""sign"": [1, -1, 1]}"
panel-2-slice-1,cut,panel-2-remainder-0,slice-6;panel-2-remainder-1,"[300000, 230000, 25000]","{""panel-2-remainder-1"": [300000, 195000, 25000], ""slice-6"": [300000, 32000, 25000]}","{""axis"": 1, ""category"": ""other_offcuts"", ""kerf_um"": 3000, ""kerf_volume_um3"": 22500000000000, ""retained_side"": ""min"", ""retained_um"": 32000, ""tool"": ""saw""}"
row-6-rotate,rotate,slice-6,row-6,"[300000, 32000, 25000]","{""row-6"": [300000, 25000, 32000]}","{""perm"": [0, 2, 1], ""sign"": [1, -1, 1]}"
panel-2-slice-2,cut,panel-2-remainder-1,slice-7;panel-2-remainder-2,"[300000, 195000, 25000]","{""panel-2-remainder-2"": [300000, 160000, 25000], ""slice-7"": [300000, 32000, 25000]}","{""axis"": 1, ""category"": ""other_offcuts"", ""kerf_um"": 3000, ""kerf_volume_um3"": 22500000000000, ""retained_side"": ""min"", ""retained_um"": 32000, ""tool"": ""saw""}"
row-7-rotate,rotate,slice-7,row-7,"[300000, 32000, 25000]","{""row-7"": [300000, 25000, 32000]}","{""perm"": [0, 2, 1], ""sign"": [1, -1, 1]}"
maple-21-separate,cut,maple-21,maple-21-window;maple-21-reserve,"[108000, 419000, 33000]","{""maple-21-reserve"": [108000, 196000, 33000], ""maple-21-window"": [108000, 220000, 33000]}","{""axis"": 1, ""category"": ""other_offcuts"", ""kerf_um"": 3000, ""kerf_volume_um3"": 10692000000000, ""retained_side"": ""min"", ""retained_um"": 220000, ""tool"": ""saw""}"
maple-21-end-min,cut,maple-21-window,maple-21-end1;maple-21-end-min-off,"[108000, 220000, 33000]","{""maple-21-end-min-off"": [108000, 8000, 33000], ""maple-21-end1"": [108000, 209000, 33000]}","{""axis"": 1, ""category"": ""trim"", ""kerf_um"": 3000, ""kerf_volume_um3"": 10692000000000, ""retained_side"": ""max"", ""retained_um"": 209000, ""tool"": ""saw""}"
maple-21-end-max,cut,maple-21-end1,maple-21-blank;maple-21-end-max-off,"[108000, 209000, 33000]","{""maple-21-blank"": [108000, 195000, 33000], ""maple-21-end-max-off"": [108000, 11000, 33000]}","{""axis"": 1, ""category"": ""trim"", ""kerf_um"": 3000, ""kerf_volume_um3"": 10692000000000, ""retained_side"": ""min"", ""retained_um"": 195000, ""tool"": ""saw""}"
maple-21-zmin,surface,maple-21-blank,maple-21-z1;maple-21-zmin-loss,"[108000, 195000, 33000]","{""maple-21-z1"": [108000, 195000, 30000], ""maple-21-zmin-loss"": [108000, 195000, 3000]}","{""amount_um"": 3000, ""axis"": 2, ""category"": ""milling"", ""process"": ""thickness_planer"", ""side"": ""min""}"
maple-21-zmax,surface,maple-21-z1,maple-21-z2;maple-21-zmax-loss,"[108000, 195000, 30000]","{""maple-21-z2"": [108000, 195000, 27000], ""maple-21-zmax-loss"": [108000, 195000, 3000]}","{""amount_um"": 3000, ""axis"": 2, ""category"": ""milling"", ""process"": ""thickness_planer"", ""side"": ""max""}"
maple-21-xmin,surface,maple-21-z2,maple-21-x1;maple-21-xmin-loss,"[108000, 195000, 27000]","{""maple-21-x1"": [107000, 195000, 27000], ""maple-21-xmin-loss"": [1000, 195000, 27000]}","{""amount_um"": 1000, ""axis"": 0, ""category"": ""milling"", ""process"": ""jointer"", ""side"": ""min""}"
maple-21-xmax,surface,maple-21-x1,maple-21-x2;maple-21-xmax-loss,"[107000, 195000, 27000]","{""maple-21-x2"": [106000, 195000, 27000], ""maple-21-xmax-loss"": [1000, 195000, 27000]}","{""amount_um"": 1000, ""axis"": 0, ""category"": ""milling"", ""process"": ""jointer"", ""side"": ""max""}"
maple-21-rip,cut,maple-21-x2,maple-21-pre;maple-21-rip-off,"[106000, 195000, 27000]","{""maple-21-pre"": [26000, 195000, 27000], ""maple-21-rip-off"": [77000, 195000, 27000]}","{""axis"": 0, ""category"": ""other_offcuts"", ""kerf_um"": 3000, ""kerf_volume_um3"": 15795000000000, ""retained_side"": ""min"", ""retained_um"": 26000, ""tool"": ""saw""}"
maple-21-joint,surface,maple-21-pre,panel-3-strip-0;maple-21-joint-loss,"[26000, 195000, 27000]","{""maple-21-joint-loss"": [1000, 195000, 27000], ""panel-3-strip-0"": [25000, 195000, 27000]}","{""amount_um"": 1000, ""axis"": 0, ""category"": ""milling"", ""process"": ""jointer"", ""side"": ""max""}"
maple-22-separate,cut,maple-22,maple-22-window;maple-22-reserve,"[108000, 419000, 33000]","{""maple-22-reserve"": [108000, 196000, 33000], ""maple-22-window"": [108000, 220000, 33000]}","{""axis"": 1, ""category"": ""other_offcuts"", ""kerf_um"": 3000, ""kerf_volume_um3"": 10692000000000, ""retained_side"": ""min"", ""retained_um"": 220000, ""tool"": ""saw""}"
maple-22-end-min,cut,maple-22-window,maple-22-end1;maple-22-end-min-off,"[108000, 220000, 33000]","{""maple-22-end-min-off"": [108000, 8000, 33000], ""maple-22-end1"": [108000, 209000, 33000]}","{""axis"": 1, ""category"": ""trim"", ""kerf_um"": 3000, ""kerf_volume_um3"": 10692000000000, ""retained_side"": ""max"", ""retained_um"": 209000, ""tool"": ""saw""}"
maple-22-end-max,cut,maple-22-end1,maple-22-blank;maple-22-end-max-off,"[108000, 209000, 33000]","{""maple-22-blank"": [108000, 195000, 33000], ""maple-22-end-max-off"": [108000, 11000, 33000]}","{""axis"": 1, ""category"": ""trim"", ""kerf_um"": 3000, ""kerf_volume_um3"": 10692000000000, ""retained_side"": ""min"", ""retained_um"": 195000, ""tool"": ""saw""}"
maple-22-zmin,surface,maple-22-blank,maple-22-z1;maple-22-zmin-loss,"[108000, 195000, 33000]","{""maple-22-z1"": [108000, 195000, 30000], ""maple-22-zmin-loss"": [108000, 195000, 3000]}","{""amount_um"": 3000, ""axis"": 2, ""category"": ""milling"", ""process"": ""thickness_planer"", ""side"": ""min""}"
maple-22-zmax,surface,maple-22-z1,maple-22-z2;maple-22-zmax-loss,"[108000, 195000, 30000]","{""maple-22-z2"": [108000, 195000, 27000], ""maple-22-zmax-loss"": [108000, 195000, 3000]}","{""amount_um"": 3000, ""axis"": 2, ""category"": ""milling"", ""process"": ""thickness_planer"", ""side"": ""max""}"
maple-22-xmin,surface,maple-22-z2,maple-22-x1;maple-22-xmin-loss,"[108000, 195000, 27000]","{""maple-22-x1"": [107000, 195000, 27000], ""maple-22-xmin-loss"": [1000, 195000, 27000]}","{""amount_um"": 1000, ""axis"": 0, ""category"": ""milling"", ""process"": ""jointer"", ""side"": ""min""}"
maple-22-xmax,surface,maple-22-x1,maple-22-x2;maple-22-xmax-loss,"[107000, 195000, 27000]","{""maple-22-x2"": [106000, 195000, 27000], ""maple-22-xmax-loss"": [1000, 195000, 27000]}","{""amount_um"": 1000, ""axis"": 0, ""category"": ""milling"", ""process"": ""jointer"", ""side"": ""max""}"
maple-22-rip,cut,maple-22-x2,maple-22-pre;maple-22-rip-off,"[106000, 195000, 27000]","{""maple-22-pre"": [26000, 195000, 27000], ""maple-22-rip-off"": [77000, 195000, 27000]}","{""axis"": 0, ""category"": ""other_offcuts"", ""kerf_um"": 3000, ""kerf_volume_um3"": 15795000000000, ""retained_side"": ""min"", ""retained_um"": 26000, ""tool"": ""saw""}"
maple-22-joint,surface,maple-22-pre,panel-3-strip-1;maple-22-joint-loss,"[26000, 195000, 27000]","{""maple-22-joint-loss"": [1000, 195000, 27000], ""panel-3-strip-1"": [25000, 195000, 27000]}","{""amount_um"": 1000, ""axis"": 0, ""category"": ""milling"", ""process"": ""jointer"", ""side"": ""max""}"
maple-23-separate,cut,maple-23,maple-23-window;maple-23-reserve,"[108000, 419000, 33000]","{""maple-23-reserve"": [108000, 196000, 33000], ""maple-23-window"": [108000, 220000, 33000]}","{""axis"": 1, ""category"": ""other_offcuts"", ""kerf_um"": 3000, ""kerf_volume_um3"": 10692000000000, ""retained_side"": ""min"", ""retained_um"": 220000, ""tool"": ""saw""}"
maple-23-end-min,cut,maple-23-window,maple-23-end1;maple-23-end-min-off,"[108000, 220000, 33000]","{""maple-23-end-min-off"": [108000, 8000, 33000], ""maple-23-end1"": [108000, 209000, 33000]}","{""axis"": 1, ""category"": ""trim"", ""kerf_um"": 3000, ""kerf_volume_um3"": 10692000000000, ""retained_side"": ""max"", ""retained_um"": 209000, ""tool"": ""saw""}"
maple-23-end-max,cut,maple-23-end1,maple-23-blank;maple-23-end-max-off,"[108000, 209000, 33000]","{""maple-23-blank"": [108000, 195000, 33000], ""maple-23-end-max-off"": [108000, 11000, 33000]}","{""axis"": 1, ""category"": ""trim"", ""kerf_um"": 3000, ""kerf_volume_um3"": 10692000000000, ""retained_side"": ""min"", ""retained_um"": 195000, ""tool"": ""saw""}"
maple-23-zmin,surface,maple-23-blank,maple-23-z1;maple-23-zmin-loss,"[108000, 195000, 33000]","{""maple-23-z1"": [108000, 195000, 30000], ""maple-23-zmin-loss"": [108000, 195000, 3000]}","{""amount_um"": 3000, ""axis"": 2, ""category"": ""milling"", ""process"": ""thickness_planer"", ""side"": ""min""}"
maple-23-zmax,surface,maple-23-z1,maple-23-z2;maple-23-zmax-loss,"[108000, 195000, 30000]","{""maple-23-z2"": [108000, 195000, 27000], ""maple-23-zmax-loss"": [108000, 195000, 3000]}","{""amount_um"": 3000, ""axis"": 2, ""category"": ""milling"", ""process"": ""thickness_planer"", ""side"": ""max""}"
maple-23-xmin,surface,maple-23-z2,maple-23-x1;maple-23-xmin-loss,"[108000, 195000, 27000]","{""maple-23-x1"": [107000, 195000, 27000], ""maple-23-xmin-loss"": [1000, 195000, 27000]}","{""amount_um"": 1000, ""axis"": 0, ""category"": ""milling"", ""process"": ""jointer"", ""side"": ""min""}"
maple-23-xmax,surface,maple-23-x1,maple-23-x2;maple-23-xmax-loss,"[107000, 195000, 27000]","{""maple-23-x2"": [106000, 195000, 27000], ""maple-23-xmax-loss"": [1000, 195000, 27000]}","{""amount_um"": 1000, ""axis"": 0, ""category"": ""milling"", ""process"": ""jointer"", ""side"": ""max""}"
maple-23-rip,cut,maple-23-x2,maple-23-pre;maple-23-rip-off,"[106000, 195000, 27000]","{""maple-23-pre"": [26000, 195000, 27000], ""maple-23-rip-off"": [77000, 195000, 27000]}","{""axis"": 0, ""category"": ""other_offcuts"", ""kerf_um"": 3000, ""kerf_volume_um3"": 15795000000000, ""retained_side"": ""min"", ""retained_um"": 26000, ""tool"": ""saw""}"
maple-23-joint,surface,maple-23-pre,panel-3-strip-2;maple-23-joint-loss,"[26000, 195000, 27000]","{""maple-23-joint-loss"": [1000, 195000, 27000], ""panel-3-strip-2"": [25000, 195000, 27000]}","{""amount_um"": 1000, ""axis"": 0, ""category"": ""milling"", ""process"": ""jointer"", ""side"": ""max""}"
walnut-5-separate,cut,walnut-5,walnut-5-window;walnut-5-reserve,"[83000, 419000, 37000]","{""walnut-5-reserve"": [83000, 196000, 37000], ""walnut-5-window"": [83000, 220000, 37000]}","{""axis"": 1, ""category"": ""other_offcuts"", ""kerf_um"": 3000, ""kerf_volume_um3"": 9213000000000, ""retained_side"": ""min"", ""retained_um"": 220000, ""tool"": ""saw""}"
walnut-5-end-min,cut,walnut-5-window,walnut-5-end1;walnut-5-end-min-off,"[83000, 220000, 37000]","{""walnut-5-end-min-off"": [83000, 8000, 37000], ""walnut-5-end1"": [83000, 209000, 37000]}","{""axis"": 1, ""category"": ""trim"", ""kerf_um"": 3000, ""kerf_volume_um3"": 9213000000000, ""retained_side"": ""max"", ""retained_um"": 209000, ""tool"": ""saw""}"
walnut-5-end-max,cut,walnut-5-end1,walnut-5-blank;walnut-5-end-max-off,"[83000, 209000, 37000]","{""walnut-5-blank"": [83000, 195000, 37000], ""walnut-5-end-max-off"": [83000, 11000, 37000]}","{""axis"": 1, ""category"": ""trim"", ""kerf_um"": 3000, ""kerf_volume_um3"": 9213000000000, ""retained_side"": ""min"", ""retained_um"": 195000, ""tool"": ""saw""}"
walnut-5-zmin,surface,walnut-5-blank,walnut-5-z1;walnut-5-zmin-loss,"[83000, 195000, 37000]","{""walnut-5-z1"": [83000, 195000, 32000], ""walnut-5-zmin-loss"": [83000, 195000, 5000]}","{""amount_um"": 5000, ""axis"": 2, ""category"": ""milling"", ""process"": ""thickness_planer"", ""side"": ""min""}"
walnut-5-zmax,surface,walnut-5-z1,walnut-5-z2;walnut-5-zmax-loss,"[83000, 195000, 32000]","{""walnut-5-z2"": [83000, 195000, 27000], ""walnut-5-zmax-loss"": [83000, 195000, 5000]}","{""amount_um"": 5000, ""axis"": 2, ""category"": ""milling"", ""process"": ""thickness_planer"", ""side"": ""max""}"
walnut-5-xmin,surface,walnut-5-z2,walnut-5-x1;walnut-5-xmin-loss,"[83000, 195000, 27000]","{""walnut-5-x1"": [82000, 195000, 27000], ""walnut-5-xmin-loss"": [1000, 195000, 27000]}","{""amount_um"": 1000, ""axis"": 0, ""category"": ""milling"", ""process"": ""jointer"", ""side"": ""min""}"
walnut-5-xmax,surface,walnut-5-x1,walnut-5-x2;walnut-5-xmax-loss,"[82000, 195000, 27000]","{""walnut-5-x2"": [81000, 195000, 27000], ""walnut-5-xmax-loss"": [1000, 195000, 27000]}","{""amount_um"": 1000, ""axis"": 0, ""category"": ""milling"", ""process"": ""jointer"", ""side"": ""max""}"
walnut-5-rip,cut,walnut-5-x2,walnut-5-pre;walnut-5-rip-off,"[81000, 195000, 27000]","{""walnut-5-pre"": [26000, 195000, 27000], ""walnut-5-rip-off"": [52000, 195000, 27000]}","{""axis"": 0, ""category"": ""other_offcuts"", ""kerf_um"": 3000, ""kerf_volume_um3"": 15795000000000, ""retained_side"": ""min"", ""retained_um"": 26000, ""tool"": ""saw""}"
walnut-5-joint,surface,walnut-5-pre,panel-3-strip-3;walnut-5-joint-loss,"[26000, 195000, 27000]","{""panel-3-strip-3"": [25000, 195000, 27000], ""walnut-5-joint-loss"": [1000, 195000, 27000]}","{""amount_um"": 1000, ""axis"": 0, ""category"": ""milling"", ""process"": ""jointer"", ""side"": ""max""}"
maple-24-separate,cut,maple-24,maple-24-window;maple-24-reserve,"[108000, 419000, 33000]","{""maple-24-reserve"": [108000, 196000, 33000], ""maple-24-window"": [108000, 220000, 33000]}","{""axis"": 1, ""category"": ""other_offcuts"", ""kerf_um"": 3000, ""kerf_volume_um3"": 10692000000000, ""retained_side"": ""min"", ""retained_um"": 220000, ""tool"": ""saw""}"
maple-24-end-min,cut,maple-24-window,maple-24-end1;maple-24-end-min-off,"[108000, 220000, 33000]","{""maple-24-end-min-off"": [108000, 8000, 33000], ""maple-24-end1"": [108000, 209000, 33000]}","{""axis"": 1, ""category"": ""trim"", ""kerf_um"": 3000, ""kerf_volume_um3"": 10692000000000, ""retained_side"": ""max"", ""retained_um"": 209000, ""tool"": ""saw""}"
maple-24-end-max,cut,maple-24-end1,maple-24-blank;maple-24-end-max-off,"[108000, 209000, 33000]","{""maple-24-blank"": [108000, 195000, 33000], ""maple-24-end-max-off"": [108000, 11000, 33000]}","{""axis"": 1, ""category"": ""trim"", ""kerf_um"": 3000, ""kerf_volume_um3"": 10692000000000, ""retained_side"": ""min"", ""retained_um"": 195000, ""tool"": ""saw""}"
maple-24-zmin,surface,maple-24-blank,maple-24-z1;maple-24-zmin-loss,"[108000, 195000, 33000]","{""maple-24-z1"": [108000, 195000, 30000], ""maple-24-zmin-loss"": [108000, 195000, 3000]}","{""amount_um"": 3000, ""axis"": 2, ""category"": ""milling"", ""process"": ""thickness_planer"", ""side"": ""min""}"
maple-24-zmax,surface,maple-24-z1,maple-24-z2;maple-24-zmax-loss,"[108000, 195000, 30000]","{""maple-24-z2"": [108000, 195000, 27000], ""maple-24-zmax-loss"": [108000, 195000, 3000]}","{""amount_um"": 3000, ""axis"": 2, ""category"": ""milling"", ""process"": ""thickness_planer"", ""side"": ""max""}"
maple-24-xmin,surface,maple-24-z2,maple-24-x1;maple-24-xmin-loss,"[108000, 195000, 27000]","{""maple-24-x1"": [107000, 195000, 27000], ""maple-24-xmin-loss"": [1000, 195000, 27000]}","{""amount_um"": 1000, ""axis"": 0, ""category"": ""milling"", ""process"": ""jointer"", ""side"": ""min""}"
maple-24-xmax,surface,maple-24-x1,maple-24-x2;maple-24-xmax-loss,"[107000, 195000, 27000]","{""maple-24-x2"": [106000, 195000, 27000], ""maple-24-xmax-loss"": [1000, 195000, 27000]}","{""amount_um"": 1000, ""axis"": 0, ""category"": ""milling"", ""process"": ""jointer"", ""side"": ""max""}"
maple-24-rip,cut,maple-24-x2,maple-24-pre;maple-24-rip-off,"[106000, 195000, 27000]","{""maple-24-pre"": [26000, 195000, 27000], ""maple-24-rip-off"": [77000, 195000, 27000]}","{""axis"": 0, ""category"": ""other_offcuts"", ""kerf_um"": 3000, ""kerf_volume_um3"": 15795000000000, ""retained_side"": ""min"", ""retained_um"": 26000, ""tool"": ""saw""}"
maple-24-joint,surface,maple-24-pre,panel-3-strip-4;maple-24-joint-loss,"[26000, 195000, 27000]","{""maple-24-joint-loss"": [1000, 195000, 27000], ""panel-3-strip-4"": [25000, 195000, 27000]}","{""amount_um"": 1000, ""axis"": 0, ""category"": ""milling"", ""process"": ""jointer"", ""side"": ""max""}"
maple-25-separate,cut,maple-25,maple-25-window;maple-25-reserve,"[108000, 419000, 33000]","{""maple-25-reserve"": [108000, 196000, 33000], ""maple-25-window"": [108000, 220000, 33000]}","{""axis"": 1, ""category"": ""other_offcuts"", ""kerf_um"": 3000, ""kerf_volume_um3"": 10692000000000, ""retained_side"": ""min"", ""retained_um"": 220000, ""tool"": ""saw""}"
maple-25-end-min,cut,maple-25-window,maple-25-end1;maple-25-end-min-off,"[108000, 220000, 33000]","{""maple-25-end-min-off"": [108000, 8000, 33000], ""maple-25-end1"": [108000, 209000, 33000]}","{""axis"": 1, ""category"": ""trim"", ""kerf_um"": 3000, ""kerf_volume_um3"": 10692000000000, ""retained_side"": ""max"", ""retained_um"": 209000, ""tool"": ""saw""}"
maple-25-end-max,cut,maple-25-end1,maple-25-blank;maple-25-end-max-off,"[108000, 209000, 33000]","{""maple-25-blank"": [108000, 195000, 33000], ""maple-25-end-max-off"": [108000, 11000, 33000]}","{""axis"": 1, ""category"": ""trim"", ""kerf_um"": 3000, ""kerf_volume_um3"": 10692000000000, ""retained_side"": ""min"", ""retained_um"": 195000, ""tool"": ""saw""}"
maple-25-zmin,surface,maple-25-blank,maple-25-z1;maple-25-zmin-loss,"[108000, 195000, 33000]","{""maple-25-z1"": [108000, 195000, 30000], ""maple-25-zmin-loss"": [108000, 195000, 3000]}","{""amount_um"": 3000, ""axis"": 2, ""category"": ""milling"", ""process"": ""thickness_planer"", ""side"": ""min""}"
maple-25-zmax,surface,maple-25-z1,maple-25-z2;maple-25-zmax-loss,"[108000, 195000, 30000]","{""maple-25-z2"": [108000, 195000, 27000], ""maple-25-zmax-loss"": [108000, 195000, 3000]}","{""amount_um"": 3000, ""axis"": 2, ""category"": ""milling"", ""process"": ""thickness_planer"", ""side"": ""max""}"
maple-25-xmin,surface,maple-25-z2,maple-25-x1;maple-25-xmin-loss,"[108000, 195000, 27000]","{""maple-25-x1"": [107000, 195000, 27000], ""maple-25-xmin-loss"": [1000, 195000, 27000]}","{""amount_um"": 1000, ""axis"": 0, ""category"": ""milling"", ""process"": ""jointer"", ""side"": ""min""}"
maple-25-xmax,surface,maple-25-x1,maple-25-x2;maple-25-xmax-loss,"[107000, 195000, 27000]","{""maple-25-x2"": [106000, 195000, 27000], ""maple-25-xmax-loss"": [1000, 195000, 27000]}","{""amount_um"": 1000, ""axis"": 0, ""category"": ""milling"", ""process"": ""jointer"", ""side"": ""max""}"
maple-25-rip,cut,maple-25-x2,maple-25-pre;maple-25-rip-off,"[106000, 195000, 27000]","{""maple-25-pre"": [26000, 195000, 27000], ""maple-25-rip-off"": [77000, 195000, 27000]}","{""axis"": 0, ""category"": ""other_offcuts"", ""kerf_um"": 3000, ""kerf_volume_um3"": 15795000000000, ""retained_side"": ""min"", ""retained_um"": 26000, ""tool"": ""saw""}"
maple-25-joint,surface,maple-25-pre,panel-3-strip-5;maple-25-joint-loss,"[26000, 195000, 27000]","{""maple-25-joint-loss"": [1000, 195000, 27000], ""panel-3-strip-5"": [25000, 195000, 27000]}","{""amount_um"": 1000, ""axis"": 0, ""category"": ""milling"", ""process"": ""jointer"", ""side"": ""max""}"
maple-26-separate,cut,maple-26,maple-26-window;maple-26-reserve,"[108000, 419000, 33000]","{""maple-26-reserve"": [108000, 196000, 33000], ""maple-26-window"": [108000, 220000, 33000]}","{""axis"": 1, ""category"": ""other_offcuts"", ""kerf_um"": 3000, ""kerf_volume_um3"": 10692000000000, ""retained_side"": ""min"", ""retained_um"": 220000, ""tool"": ""saw""}"
maple-26-end-min,cut,maple-26-window,maple-26-end1;maple-26-end-min-off,"[108000, 220000, 33000]","{""maple-26-end-min-off"": [108000, 8000, 33000], ""maple-26-end1"": [108000, 209000, 33000]}","{""axis"": 1, ""category"": ""trim"", ""kerf_um"": 3000, ""kerf_volume_um3"": 10692000000000, ""retained_side"": ""max"", ""retained_um"": 209000, ""tool"": ""saw""}"
maple-26-end-max,cut,maple-26-end1,maple-26-blank;maple-26-end-max-off,"[108000, 209000, 33000]","{""maple-26-blank"": [108000, 195000, 33000], ""maple-26-end-max-off"": [108000, 11000, 33000]}","{""axis"": 1, ""category"": ""trim"", ""kerf_um"": 3000, ""kerf_volume_um3"": 10692000000000, ""retained_side"": ""min"", ""retained_um"": 195000, ""tool"": ""saw""}"
maple-26-zmin,surface,maple-26-blank,maple-26-z1;maple-26-zmin-loss,"[108000, 195000, 33000]","{""maple-26-z1"": [108000, 195000, 30000], ""maple-26-zmin-loss"": [108000, 195000, 3000]}","{""amount_um"": 3000, ""axis"": 2, ""category"": ""milling"", ""process"": ""thickness_planer"", ""side"": ""min""}"
maple-26-zmax,surface,maple-26-z1,maple-26-z2;maple-26-zmax-loss,"[108000, 195000, 30000]","{""maple-26-z2"": [108000, 195000, 27000], ""maple-26-zmax-loss"": [108000, 195000, 3000]}","{""amount_um"": 3000, ""axis"": 2, ""category"": ""milling"", ""process"": ""thickness_planer"", ""side"": ""max""}"
maple-26-xmin,surface,maple-26-z2,maple-26-x1;maple-26-xmin-loss,"[108000, 195000, 27000]","{""maple-26-x1"": [107000, 195000, 27000], ""maple-26-xmin-loss"": [1000, 195000, 27000]}","{""amount_um"": 1000, ""axis"": 0, ""category"": ""milling"", ""process"": ""jointer"", ""side"": ""min""}"
maple-26-xmax,surface,maple-26-x1,maple-26-x2;maple-26-xmax-loss,"[107000, 195000, 27000]","{""maple-26-x2"": [106000, 195000, 27000], ""maple-26-xmax-loss"": [1000, 195000, 27000]}","{""amount_um"": 1000, ""axis"": 0, ""category"": ""milling"", ""process"": ""jointer"", ""side"": ""max""}"
maple-26-rip,cut,maple-26-x2,maple-26-pre;maple-26-rip-off,"[106000, 195000, 27000]","{""maple-26-pre"": [26000, 195000, 27000], ""maple-26-rip-off"": [77000, 195000, 27000]}","{""axis"": 0, ""category"": ""other_offcuts"", ""kerf_um"": 3000, ""kerf_volume_um3"": 15795000000000, ""retained_side"": ""min"", ""retained_um"": 26000, ""tool"": ""saw""}"
maple-26-joint,surface,maple-26-pre,panel-3-strip-6;maple-26-joint-loss,"[26000, 195000, 27000]","{""maple-26-joint-loss"": [1000, 195000, 27000], ""panel-3-strip-6"": [25000, 195000, 27000]}","{""amount_um"": 1000, ""axis"": 0, ""category"": ""milling"", ""process"": ""jointer"", ""side"": ""max""}"
maple-27-separate,cut,maple-27,maple-27-window;maple-27-reserve,"[108000, 419000, 33000]","{""maple-27-reserve"": [108000, 196000, 33000], ""maple-27-window"": [108000, 220000, 33000]}","{""axis"": 1, ""category"": ""other_offcuts"", ""kerf_um"": 3000, ""kerf_volume_um3"": 10692000000000, ""retained_side"": ""min"", ""retained_um"": 220000, ""tool"": ""saw""}"
maple-27-end-min,cut,maple-27-window,maple-27-end1;maple-27-end-min-off,"[108000, 220000, 33000]","{""maple-27-end-min-off"": [108000, 8000, 33000], ""maple-27-end1"": [108000, 209000, 33000]}","{""axis"": 1, ""category"": ""trim"", ""kerf_um"": 3000, ""kerf_volume_um3"": 10692000000000, ""retained_side"": ""max"", ""retained_um"": 209000, ""tool"": ""saw""}"
maple-27-end-max,cut,maple-27-end1,maple-27-blank;maple-27-end-max-off,"[108000, 209000, 33000]","{""maple-27-blank"": [108000, 195000, 33000], ""maple-27-end-max-off"": [108000, 11000, 33000]}","{""axis"": 1, ""category"": ""trim"", ""kerf_um"": 3000, ""kerf_volume_um3"": 10692000000000, ""retained_side"": ""min"", ""retained_um"": 195000, ""tool"": ""saw""}"
maple-27-zmin,surface,maple-27-blank,maple-27-z1;maple-27-zmin-loss,"[108000, 195000, 33000]","{""maple-27-z1"": [108000, 195000, 30000], ""maple-27-zmin-loss"": [108000, 195000, 3000]}","{""amount_um"": 3000, ""axis"": 2, ""category"": ""milling"", ""process"": ""thickness_planer"", ""side"": ""min""}"
maple-27-zmax,surface,maple-27-z1,maple-27-z2;maple-27-zmax-loss,"[108000, 195000, 30000]","{""maple-27-z2"": [108000, 195000, 27000], ""maple-27-zmax-loss"": [108000, 195000, 3000]}","{""amount_um"": 3000, ""axis"": 2, ""category"": ""milling"", ""process"": ""thickness_planer"", ""side"": ""max""}"
maple-27-xmin,surface,maple-27-z2,maple-27-x1;maple-27-xmin-loss,"[108000, 195000, 27000]","{""maple-27-x1"": [107000, 195000, 27000], ""maple-27-xmin-loss"": [1000, 195000, 27000]}","{""amount_um"": 1000, ""axis"": 0, ""category"": ""milling"", ""process"": ""jointer"", ""side"": ""min""}"
maple-27-xmax,surface,maple-27-x1,maple-27-x2;maple-27-xmax-loss,"[107000, 195000, 27000]","{""maple-27-x2"": [106000, 195000, 27000], ""maple-27-xmax-loss"": [1000, 195000, 27000]}","{""amount_um"": 1000, ""axis"": 0, ""category"": ""milling"", ""process"": ""jointer"", ""side"": ""max""}"
maple-27-rip,cut,maple-27-x2,maple-27-pre;maple-27-rip-off,"[106000, 195000, 27000]","{""maple-27-pre"": [26000, 195000, 27000], ""maple-27-rip-off"": [77000, 195000, 27000]}","{""axis"": 0, ""category"": ""other_offcuts"", ""kerf_um"": 3000, ""kerf_volume_um3"": 15795000000000, ""retained_side"": ""min"", ""retained_um"": 26000, ""tool"": ""saw""}"
maple-27-joint,surface,maple-27-pre,panel-3-strip-7;maple-27-joint-loss,"[26000, 195000, 27000]","{""maple-27-joint-loss"": [1000, 195000, 27000], ""panel-3-strip-7"": [25000, 195000, 27000]}","{""amount_um"": 1000, ""axis"": 0, ""category"": ""milling"", ""process"": ""jointer"", ""side"": ""max""}"
walnut-6-separate,cut,walnut-6,walnut-6-window;walnut-6-reserve,"[83000, 419000, 37000]","{""walnut-6-reserve"": [83000, 196000, 37000], ""walnut-6-window"": [83000, 220000, 37000]}","{""axis"": 1, ""category"": ""other_offcuts"", ""kerf_um"": 3000, ""kerf_volume_um3"": 9213000000000, ""retained_side"": ""min"", ""retained_um"": 220000, ""tool"": ""saw""}"
walnut-6-end-min,cut,walnut-6-window,walnut-6-end1;walnut-6-end-min-off,"[83000, 220000, 37000]","{""walnut-6-end-min-off"": [83000, 8000, 37000], ""walnut-6-end1"": [83000, 209000, 37000]}","{""axis"": 1, ""category"": ""trim"", ""kerf_um"": 3000, ""kerf_volume_um3"": 9213000000000, ""retained_side"": ""max"", ""retained_um"": 209000, ""tool"": ""saw""}"
walnut-6-end-max,cut,walnut-6-end1,walnut-6-blank;walnut-6-end-max-off,"[83000, 209000, 37000]","{""walnut-6-blank"": [83000, 195000, 37000], ""walnut-6-end-max-off"": [83000, 11000, 37000]}","{""axis"": 1, ""category"": ""trim"", ""kerf_um"": 3000, ""kerf_volume_um3"": 9213000000000, ""retained_side"": ""min"", ""retained_um"": 195000, ""tool"": ""saw""}"
walnut-6-zmin,surface,walnut-6-blank,walnut-6-z1;walnut-6-zmin-loss,"[83000, 195000, 37000]","{""walnut-6-z1"": [83000, 195000, 32000], ""walnut-6-zmin-loss"": [83000, 195000, 5000]}","{""amount_um"": 5000, ""axis"": 2, ""category"": ""milling"", ""process"": ""thickness_planer"", ""side"": ""min""}"
walnut-6-zmax,surface,walnut-6-z1,walnut-6-z2;walnut-6-zmax-loss,"[83000, 195000, 32000]","{""walnut-6-z2"": [83000, 195000, 27000], ""walnut-6-zmax-loss"": [83000, 195000, 5000]}","{""amount_um"": 5000, ""axis"": 2, ""category"": ""milling"", ""process"": ""thickness_planer"", ""side"": ""max""}"
walnut-6-xmin,surface,walnut-6-z2,walnut-6-x1;walnut-6-xmin-loss,"[83000, 195000, 27000]","{""walnut-6-x1"": [82000, 195000, 27000], ""walnut-6-xmin-loss"": [1000, 195000, 27000]}","{""amount_um"": 1000, ""axis"": 0, ""category"": ""milling"", ""process"": ""jointer"", ""side"": ""min""}"
walnut-6-xmax,surface,walnut-6-x1,walnut-6-x2;walnut-6-xmax-loss,"[82000, 195000, 27000]","{""walnut-6-x2"": [81000, 195000, 27000], ""walnut-6-xmax-loss"": [1000, 195000, 27000]}","{""amount_um"": 1000, ""axis"": 0, ""category"": ""milling"", ""process"": ""jointer"", ""side"": ""max""}"
walnut-6-rip,cut,walnut-6-x2,walnut-6-pre;walnut-6-rip-off,"[81000, 195000, 27000]","{""walnut-6-pre"": [26000, 195000, 27000], ""walnut-6-rip-off"": [52000, 195000, 27000]}","{""axis"": 0, ""category"": ""other_offcuts"", ""kerf_um"": 3000, ""kerf_volume_um3"": 15795000000000, ""retained_side"": ""min"", ""retained_um"": 26000, ""tool"": ""saw""}"
walnut-6-joint,surface,walnut-6-pre,panel-3-strip-8;walnut-6-joint-loss,"[26000, 195000, 27000]","{""panel-3-strip-8"": [25000, 195000, 27000], ""walnut-6-joint-loss"": [1000, 195000, 27000]}","{""amount_um"": 1000, ""axis"": 0, ""category"": ""milling"", ""process"": ""jointer"", ""side"": ""max""}"
maple-28-separate,cut,maple-28,maple-28-window;maple-28-reserve,"[108000, 419000, 33000]","{""maple-28-reserve"": [108000, 196000, 33000], ""maple-28-window"": [108000, 220000, 33000]}","{""axis"": 1, ""category"": ""other_offcuts"", ""kerf_um"": 3000, ""kerf_volume_um3"": 10692000000000, ""retained_side"": ""min"", ""retained_um"": 220000, ""tool"": ""saw""}"
maple-28-end-min,cut,maple-28-window,maple-28-end1;maple-28-end-min-off,"[108000, 220000, 33000]","{""maple-28-end-min-off"": [108000, 8000, 33000], ""maple-28-end1"": [108000, 209000, 33000]}","{""axis"": 1, ""category"": ""trim"", ""kerf_um"": 3000, ""kerf_volume_um3"": 10692000000000, ""retained_side"": ""max"", ""retained_um"": 209000, ""tool"": ""saw""}"
maple-28-end-max,cut,maple-28-end1,maple-28-blank;maple-28-end-max-off,"[108000, 209000, 33000]","{""maple-28-blank"": [108000, 195000, 33000], ""maple-28-end-max-off"": [108000, 11000, 33000]}","{""axis"": 1, ""category"": ""trim"", ""kerf_um"": 3000, ""kerf_volume_um3"": 10692000000000, ""retained_side"": ""min"", ""retained_um"": 195000, ""tool"": ""saw""}"
maple-28-zmin,surface,maple-28-blank,maple-28-z1;maple-28-zmin-loss,"[108000, 195000, 33000]","{""maple-28-z1"": [108000, 195000, 30000], ""maple-28-zmin-loss"": [108000, 195000, 3000]}","{""amount_um"": 3000, ""axis"": 2, ""category"": ""milling"", ""process"": ""thickness_planer"", ""side"": ""min""}"
maple-28-zmax,surface,maple-28-z1,maple-28-z2;maple-28-zmax-loss,"[108000, 195000, 30000]","{""maple-28-z2"": [108000, 195000, 27000], ""maple-28-zmax-loss"": [108000, 195000, 3000]}","{""amount_um"": 3000, ""axis"": 2, ""category"": ""milling"", ""process"": ""thickness_planer"", ""side"": ""max""}"
maple-28-xmin,surface,maple-28-z2,maple-28-x1;maple-28-xmin-loss,"[108000, 195000, 27000]","{""maple-28-x1"": [107000, 195000, 27000], ""maple-28-xmin-loss"": [1000, 195000, 27000]}","{""amount_um"": 1000, ""axis"": 0, ""category"": ""milling"", ""process"": ""jointer"", ""side"": ""min""}"
maple-28-xmax,surface,maple-28-x1,maple-28-x2;maple-28-xmax-loss,"[107000, 195000, 27000]","{""maple-28-x2"": [106000, 195000, 27000], ""maple-28-xmax-loss"": [1000, 195000, 27000]}","{""amount_um"": 1000, ""axis"": 0, ""category"": ""milling"", ""process"": ""jointer"", ""side"": ""max""}"
maple-28-rip,cut,maple-28-x2,maple-28-pre;maple-28-rip-off,"[106000, 195000, 27000]","{""maple-28-pre"": [26000, 195000, 27000], ""maple-28-rip-off"": [77000, 195000, 27000]}","{""axis"": 0, ""category"": ""other_offcuts"", ""kerf_um"": 3000, ""kerf_volume_um3"": 15795000000000, ""retained_side"": ""min"", ""retained_um"": 26000, ""tool"": ""saw""}"
maple-28-joint,surface,maple-28-pre,panel-3-strip-9;maple-28-joint-loss,"[26000, 195000, 27000]","{""maple-28-joint-loss"": [1000, 195000, 27000], ""panel-3-strip-9"": [25000, 195000, 27000]}","{""amount_um"": 1000, ""axis"": 0, ""category"": ""milling"", ""process"": ""jointer"", ""side"": ""max""}"
maple-29-separate,cut,maple-29,maple-29-window;maple-29-reserve,"[108000, 419000, 33000]","{""maple-29-reserve"": [108000, 196000, 33000], ""maple-29-window"": [108000, 220000, 33000]}","{""axis"": 1, ""category"": ""other_offcuts"", ""kerf_um"": 3000, ""kerf_volume_um3"": 10692000000000, ""retained_side"": ""min"", ""retained_um"": 220000, ""tool"": ""saw""}"
maple-29-end-min,cut,maple-29-window,maple-29-end1;maple-29-end-min-off,"[108000, 220000, 33000]","{""maple-29-end-min-off"": [108000, 8000, 33000], ""maple-29-end1"": [108000, 209000, 33000]}","{""axis"": 1, ""category"": ""trim"", ""kerf_um"": 3000, ""kerf_volume_um3"": 10692000000000, ""retained_side"": ""max"", ""retained_um"": 209000, ""tool"": ""saw""}"
maple-29-end-max,cut,maple-29-end1,maple-29-blank;maple-29-end-max-off,"[108000, 209000, 33000]","{""maple-29-blank"": [108000, 195000, 33000], ""maple-29-end-max-off"": [108000, 11000, 33000]}","{""axis"": 1, ""category"": ""trim"", ""kerf_um"": 3000, ""kerf_volume_um3"": 10692000000000, ""retained_side"": ""min"", ""retained_um"": 195000, ""tool"": ""saw""}"
maple-29-zmin,surface,maple-29-blank,maple-29-z1;maple-29-zmin-loss,"[108000, 195000, 33000]","{""maple-29-z1"": [108000, 195000, 30000], ""maple-29-zmin-loss"": [108000, 195000, 3000]}","{""amount_um"": 3000, ""axis"": 2, ""category"": ""milling"", ""process"": ""thickness_planer"", ""side"": ""min""}"
maple-29-zmax,surface,maple-29-z1,maple-29-z2;maple-29-zmax-loss,"[108000, 195000, 30000]","{""maple-29-z2"": [108000, 195000, 27000], ""maple-29-zmax-loss"": [108000, 195000, 3000]}","{""amount_um"": 3000, ""axis"": 2, ""category"": ""milling"", ""process"": ""thickness_planer"", ""side"": ""max""}"
maple-29-xmin,surface,maple-29-z2,maple-29-x1;maple-29-xmin-loss,"[108000, 195000, 27000]","{""maple-29-x1"": [107000, 195000, 27000], ""maple-29-xmin-loss"": [1000, 195000, 27000]}","{""amount_um"": 1000, ""axis"": 0, ""category"": ""milling"", ""process"": ""jointer"", ""side"": ""min""}"
maple-29-xmax,surface,maple-29-x1,maple-29-x2;maple-29-xmax-loss,"[107000, 195000, 27000]","{""maple-29-x2"": [106000, 195000, 27000], ""maple-29-xmax-loss"": [1000, 195000, 27000]}","{""amount_um"": 1000, ""axis"": 0, ""category"": ""milling"", ""process"": ""jointer"", ""side"": ""max""}"
maple-29-rip,cut,maple-29-x2,maple-29-pre;maple-29-rip-off,"[106000, 195000, 27000]","{""maple-29-pre"": [26000, 195000, 27000], ""maple-29-rip-off"": [77000, 195000, 27000]}","{""axis"": 0, ""category"": ""other_offcuts"", ""kerf_um"": 3000, ""kerf_volume_um3"": 15795000000000, ""retained_side"": ""min"", ""retained_um"": 26000, ""tool"": ""saw""}"
maple-29-joint,surface,maple-29-pre,panel-3-strip-10;maple-29-joint-loss,"[26000, 195000, 27000]","{""maple-29-joint-loss"": [1000, 195000, 27000], ""panel-3-strip-10"": [25000, 195000, 27000]}","{""amount_um"": 1000, ""axis"": 0, ""category"": ""milling"", ""process"": ""jointer"", ""side"": ""max""}"
maple-30-separate,cut,maple-30,maple-30-window;maple-30-reserve,"[108000, 419000, 33000]","{""maple-30-reserve"": [108000, 196000, 33000], ""maple-30-window"": [108000, 220000, 33000]}","{""axis"": 1, ""category"": ""other_offcuts"", ""kerf_um"": 3000, ""kerf_volume_um3"": 10692000000000, ""retained_side"": ""min"", ""retained_um"": 220000, ""tool"": ""saw""}"
maple-30-end-min,cut,maple-30-window,maple-30-end1;maple-30-end-min-off,"[108000, 220000, 33000]","{""maple-30-end-min-off"": [108000, 8000, 33000], ""maple-30-end1"": [108000, 209000, 33000]}","{""axis"": 1, ""category"": ""trim"", ""kerf_um"": 3000, ""kerf_volume_um3"": 10692000000000, ""retained_side"": ""max"", ""retained_um"": 209000, ""tool"": ""saw""}"
maple-30-end-max,cut,maple-30-end1,maple-30-blank;maple-30-end-max-off,"[108000, 209000, 33000]","{""maple-30-blank"": [108000, 195000, 33000], ""maple-30-end-max-off"": [108000, 11000, 33000]}","{""axis"": 1, ""category"": ""trim"", ""kerf_um"": 3000, ""kerf_volume_um3"": 10692000000000, ""retained_side"": ""min"", ""retained_um"": 195000, ""tool"": ""saw""}"
maple-30-zmin,surface,maple-30-blank,maple-30-z1;maple-30-zmin-loss,"[108000, 195000, 33000]","{""maple-30-z1"": [108000, 195000, 30000], ""maple-30-zmin-loss"": [108000, 195000, 3000]}","{""amount_um"": 3000, ""axis"": 2, ""category"": ""milling"", ""process"": ""thickness_planer"", ""side"": ""min""}"
maple-30-zmax,surface,maple-30-z1,maple-30-z2;maple-30-zmax-loss,"[108000, 195000, 30000]","{""maple-30-z2"": [108000, 195000, 27000], ""maple-30-zmax-loss"": [108000, 195000, 3000]}","{""amount_um"": 3000, ""axis"": 2, ""category"": ""milling"", ""process"": ""thickness_planer"", ""side"": ""max""}"
maple-30-xmin,surface,maple-30-z2,maple-30-x1;maple-30-xmin-loss,"[108000, 195000, 27000]","{""maple-30-x1"": [107000, 195000, 27000], ""maple-30-xmin-loss"": [1000, 195000, 27000]}","{""amount_um"": 1000, ""axis"": 0, ""category"": ""milling"", ""process"": ""jointer"", ""side"": ""min""}"
maple-30-xmax,surface,maple-30-x1,maple-30-x2;maple-30-xmax-loss,"[107000, 195000, 27000]","{""maple-30-x2"": [106000, 195000, 27000], ""maple-30-xmax-loss"": [1000, 195000, 27000]}","{""amount_um"": 1000, ""axis"": 0, ""category"": ""milling"", ""process"": ""jointer"", ""side"": ""max""}"
maple-30-rip,cut,maple-30-x2,maple-30-pre;maple-30-rip-off,"[106000, 195000, 27000]","{""maple-30-pre"": [26000, 195000, 27000], ""maple-30-rip-off"": [77000, 195000, 27000]}","{""axis"": 0, ""category"": ""other_offcuts"", ""kerf_um"": 3000, ""kerf_volume_um3"": 15795000000000, ""retained_side"": ""min"", ""retained_um"": 26000, ""tool"": ""saw""}"
maple-30-joint,surface,maple-30-pre,panel-3-strip-11;maple-30-joint-loss,"[26000, 195000, 27000]","{""maple-30-joint-loss"": [1000, 195000, 27000], ""panel-3-strip-11"": [25000, 195000, 27000]}","{""amount_um"": 1000, ""axis"": 0, ""category"": ""milling"", ""process"": ""jointer"", ""side"": ""max""}"
panel-3-glue,glue,panel-3-strip-0;panel-3-strip-1;panel-3-strip-2;panel-3-strip-3;panel-3-strip-4;panel-3-strip-5;panel-3-strip-6;panel-3-strip-7;panel-3-strip-8;panel-3-strip-9;panel-3-strip-10;panel-3-strip-11,panel-3-raw,"{""panel-3-strip-0"": [25000, 195000, 27000], ""panel-3-strip-1"": [25000, 195000, 27000], ""panel-3-strip-10"": [25000, 195000, 27000], ""panel-3-strip-11"": [25000, 195000, 27000], ""panel-3-strip-2"": [25000, 195000, 27000], ""panel-3-strip-3"": [25000, 195000, 27000], ""panel-3-strip-4"": [25000, 195000, 27000], ""panel-3-strip-5"": [25000, 195000, 27000], ""panel-3-strip-6"": [25000, 195000, 27000], ""panel-3-strip-7"": [25000, 195000, 27000], ""panel-3-strip-8"": [25000, 195000, 27000], ""panel-3-strip-9"": [25000, 195000, 27000]}","{""panel-3-raw"": [300000, 195000, 27000]}","{""axis"": 0, ""joint_count"": 11, ""negligible_glue_line"": true, ""prepared_faces"": true, ""stage"": ""first""}"
panel-3-zmin,surface,panel-3-raw,panel-3-z1;panel-3-zmin-loss,"[300000, 195000, 27000]","{""panel-3-z1"": [300000, 195000, 26000], ""panel-3-zmin-loss"": [300000, 195000, 1000]}","{""amount_um"": 1000, ""axis"": 2, ""category"": ""milling"", ""process"": ""thickness_planer"", ""side"": ""min""}"
panel-3-zmax,surface,panel-3-z1,panel-3-flat;panel-3-zmax-loss,"[300000, 195000, 26000]","{""panel-3-flat"": [300000, 195000, 25000], ""panel-3-zmax-loss"": [300000, 195000, 1000]}","{""amount_um"": 1000, ""axis"": 2, ""category"": ""milling"", ""process"": ""thickness_planer"", ""side"": ""max""}"
panel-3-slice-0,cut,panel-3-flat,slice-2;panel-3-remainder-0,"[300000, 195000, 25000]","{""panel-3-remainder-0"": [300000, 160000, 25000], ""slice-2"": [300000, 32000, 25000]}","{""axis"": 1, ""category"": ""other_offcuts"", ""kerf_um"": 3000, ""kerf_volume_um3"": 22500000000000, ""retained_side"": ""min"", ""retained_um"": 32000, ""tool"": ""saw""}"
row-2-rotate,rotate,slice-2,row-2,"[300000, 32000, 25000]","{""row-2"": [300000, 25000, 32000]}","{""perm"": [0, 2, 1], ""sign"": [1, -1, 1]}"
maple-31-separate,cut,maple-31,maple-31-window;maple-31-reserve,"[108000, 419000, 33000]","{""maple-31-reserve"": [108000, 196000, 33000], ""maple-31-window"": [108000, 220000, 33000]}","{""axis"": 1, ""category"": ""other_offcuts"", ""kerf_um"": 3000, ""kerf_volume_um3"": 10692000000000, ""retained_side"": ""min"", ""retained_um"": 220000, ""tool"": ""saw""}"
maple-31-end-min,cut,maple-31-window,maple-31-end1;maple-31-end-min-off,"[108000, 220000, 33000]","{""maple-31-end-min-off"": [108000, 8000, 33000], ""maple-31-end1"": [108000, 209000, 33000]}","{""axis"": 1, ""category"": ""trim"", ""kerf_um"": 3000, ""kerf_volume_um3"": 10692000000000, ""retained_side"": ""max"", ""retained_um"": 209000, ""tool"": ""saw""}"
maple-31-end-max,cut,maple-31-end1,maple-31-blank;maple-31-end-max-off,"[108000, 209000, 33000]","{""maple-31-blank"": [108000, 195000, 33000], ""maple-31-end-max-off"": [108000, 11000, 33000]}","{""axis"": 1, ""category"": ""trim"", ""kerf_um"": 3000, ""kerf_volume_um3"": 10692000000000, ""retained_side"": ""min"", ""retained_um"": 195000, ""tool"": ""saw""}"
maple-31-zmin,surface,maple-31-blank,maple-31-z1;maple-31-zmin-loss,"[108000, 195000, 33000]","{""maple-31-z1"": [108000, 195000, 30000], ""maple-31-zmin-loss"": [108000, 195000, 3000]}","{""amount_um"": 3000, ""axis"": 2, ""category"": ""milling"", ""process"": ""thickness_planer"", ""side"": ""min""}"
maple-31-zmax,surface,maple-31-z1,maple-31-z2;maple-31-zmax-loss,"[108000, 195000, 30000]","{""maple-31-z2"": [108000, 195000, 27000], ""maple-31-zmax-loss"": [108000, 195000, 3000]}","{""amount_um"": 3000, ""axis"": 2, ""category"": ""milling"", ""process"": ""thickness_planer"", ""side"": ""max""}"
maple-31-xmin,surface,maple-31-z2,maple-31-x1;maple-31-xmin-loss,"[108000, 195000, 27000]","{""maple-31-x1"": [107000, 195000, 27000], ""maple-31-xmin-loss"": [1000, 195000, 27000]}","{""amount_um"": 1000, ""axis"": 0, ""category"": ""milling"", ""process"": ""jointer"", ""side"": ""min""}"
maple-31-xmax,surface,maple-31-x1,maple-31-x2;maple-31-xmax-loss,"[107000, 195000, 27000]","{""maple-31-x2"": [106000, 195000, 27000], ""maple-31-xmax-loss"": [1000, 195000, 27000]}","{""amount_um"": 1000, ""axis"": 0, ""category"": ""milling"", ""process"": ""jointer"", ""side"": ""max""}"
maple-31-rip,cut,maple-31-x2,maple-31-pre;maple-31-rip-off,"[106000, 195000, 27000]","{""maple-31-pre"": [26000, 195000, 27000], ""maple-31-rip-off"": [77000, 195000, 27000]}","{""axis"": 0, ""category"": ""other_offcuts"", ""kerf_um"": 3000, ""kerf_volume_um3"": 15795000000000, ""retained_side"": ""min"", ""retained_um"": 26000, ""tool"": ""saw""}"
maple-31-joint,surface,maple-31-pre,panel-4-strip-0;maple-31-joint-loss,"[26000, 195000, 27000]","{""maple-31-joint-loss"": [1000, 195000, 27000], ""panel-4-strip-0"": [25000, 195000, 27000]}","{""amount_um"": 1000, ""axis"": 0, ""category"": ""milling"", ""process"": ""jointer"", ""side"": ""max""}"
maple-32-separate,cut,maple-32,maple-32-window;maple-32-reserve,"[108000, 419000, 33000]","{""maple-32-reserve"": [108000, 196000, 33000], ""maple-32-window"": [108000, 220000, 33000]}","{""axis"": 1, ""category"": ""other_offcuts"", ""kerf_um"": 3000, ""kerf_volume_um3"": 10692000000000, ""retained_side"": ""min"", ""retained_um"": 220000, ""tool"": ""saw""}"
maple-32-end-min,cut,maple-32-window,maple-32-end1;maple-32-end-min-off,"[108000, 220000, 33000]","{""maple-32-end-min-off"": [108000, 8000, 33000], ""maple-32-end1"": [108000, 209000, 33000]}","{""axis"": 1, ""category"": ""trim"", ""kerf_um"": 3000, ""kerf_volume_um3"": 10692000000000, ""retained_side"": ""max"", ""retained_um"": 209000, ""tool"": ""saw""}"
maple-32-end-max,cut,maple-32-end1,maple-32-blank;maple-32-end-max-off,"[108000, 209000, 33000]","{""maple-32-blank"": [108000, 195000, 33000], ""maple-32-end-max-off"": [108000, 11000, 33000]}","{""axis"": 1, ""category"": ""trim"", ""kerf_um"": 3000, ""kerf_volume_um3"": 10692000000000, ""retained_side"": ""min"", ""retained_um"": 195000, ""tool"": ""saw""}"
maple-32-zmin,surface,maple-32-blank,maple-32-z1;maple-32-zmin-loss,"[108000, 195000, 33000]","{""maple-32-z1"": [108000, 195000, 30000], ""maple-32-zmin-loss"": [108000, 195000, 3000]}","{""amount_um"": 3000, ""axis"": 2, ""category"": ""milling"", ""process"": ""thickness_planer"", ""side"": ""min""}"
maple-32-zmax,surface,maple-32-z1,maple-32-z2;maple-32-zmax-loss,"[108000, 195000, 30000]","{""maple-32-z2"": [108000, 195000, 27000], ""maple-32-zmax-loss"": [108000, 195000, 3000]}","{""amount_um"": 3000, ""axis"": 2, ""category"": ""milling"", ""process"": ""thickness_planer"", ""side"": ""max""}"
maple-32-xmin,surface,maple-32-z2,maple-32-x1;maple-32-xmin-loss,"[108000, 195000, 27000]","{""maple-32-x1"": [107000, 195000, 27000], ""maple-32-xmin-loss"": [1000, 195000, 27000]}","{""amount_um"": 1000, ""axis"": 0, ""category"": ""milling"", ""process"": ""jointer"", ""side"": ""min""}"
maple-32-xmax,surface,maple-32-x1,maple-32-x2;maple-32-xmax-loss,"[107000, 195000, 27000]","{""maple-32-x2"": [106000, 195000, 27000], ""maple-32-xmax-loss"": [1000, 195000, 27000]}","{""amount_um"": 1000, ""axis"": 0, ""category"": ""milling"", ""process"": ""jointer"", ""side"": ""max""}"
maple-32-rip,cut,maple-32-x2,maple-32-pre;maple-32-rip-off,"[106000, 195000, 27000]","{""maple-32-pre"": [26000, 195000, 27000], ""maple-32-rip-off"": [77000, 195000, 27000]}","{""axis"": 0, ""category"": ""other_offcuts"", ""kerf_um"": 3000, ""kerf_volume_um3"": 15795000000000, ""retained_side"": ""min"", ""retained_um"": 26000, ""tool"": ""saw""}"
maple-32-joint,surface,maple-32-pre,panel-4-strip-1;maple-32-joint-loss,"[26000, 195000, 27000]","{""maple-32-joint-loss"": [1000, 195000, 27000], ""panel-4-strip-1"": [25000, 195000, 27000]}","{""amount_um"": 1000, ""axis"": 0, ""category"": ""milling"", ""process"": ""jointer"", ""side"": ""max""}"
maple-33-separate,cut,maple-33,maple-33-window;maple-33-reserve,"[108000, 419000, 33000]","{""maple-33-reserve"": [108000, 196000, 33000], ""maple-33-window"": [108000, 220000, 33000]}","{""axis"": 1, ""category"": ""other_offcuts"", ""kerf_um"": 3000, ""kerf_volume_um3"": 10692000000000, ""retained_side"": ""min"", ""retained_um"": 220000, ""tool"": ""saw""}"
maple-33-end-min,cut,maple-33-window,maple-33-end1;maple-33-end-min-off,"[108000, 220000, 33000]","{""maple-33-end-min-off"": [108000, 8000, 33000], ""maple-33-end1"": [108000, 209000, 33000]}","{""axis"": 1, ""category"": ""trim"", ""kerf_um"": 3000, ""kerf_volume_um3"": 10692000000000, ""retained_side"": ""max"", ""retained_um"": 209000, ""tool"": ""saw""}"
maple-33-end-max,cut,maple-33-end1,maple-33-blank;maple-33-end-max-off,"[108000, 209000, 33000]","{""maple-33-blank"": [108000, 195000, 33000], ""maple-33-end-max-off"": [108000, 11000, 33000]}","{""axis"": 1, ""category"": ""trim"", ""kerf_um"": 3000, ""kerf_volume_um3"": 10692000000000, ""retained_side"": ""min"", ""retained_um"": 195000, ""tool"": ""saw""}"
maple-33-zmin,surface,maple-33-blank,maple-33-z1;maple-33-zmin-loss,"[108000, 195000, 33000]","{""maple-33-z1"": [108000, 195000, 30000], ""maple-33-zmin-loss"": [108000, 195000, 3000]}","{""amount_um"": 3000, ""axis"": 2, ""category"": ""milling"", ""process"": ""thickness_planer"", ""side"": ""min""}"
maple-33-zmax,surface,maple-33-z1,maple-33-z2;maple-33-zmax-loss,"[108000, 195000, 30000]","{""maple-33-z2"": [108000, 195000, 27000], ""maple-33-zmax-loss"": [108000, 195000, 3000]}","{""amount_um"": 3000, ""axis"": 2, ""category"": ""milling"", ""process"": ""thickness_planer"", ""side"": ""max""}"
maple-33-xmin,surface,maple-33-z2,maple-33-x1;maple-33-xmin-loss,"[108000, 195000, 27000]","{""maple-33-x1"": [107000, 195000, 27000], ""maple-33-xmin-loss"": [1000, 195000, 27000]}","{""amount_um"": 1000, ""axis"": 0, ""category"": ""milling"", ""process"": ""jointer"", ""side"": ""min""}"
maple-33-xmax,surface,maple-33-x1,maple-33-x2;maple-33-xmax-loss,"[107000, 195000, 27000]","{""maple-33-x2"": [106000, 195000, 27000], ""maple-33-xmax-loss"": [1000, 195000, 27000]}","{""amount_um"": 1000, ""axis"": 0, ""category"": ""milling"", ""process"": ""jointer"", ""side"": ""max""}"
maple-33-rip,cut,maple-33-x2,maple-33-pre;maple-33-rip-off,"[106000, 195000, 27000]","{""maple-33-pre"": [26000, 195000, 27000], ""maple-33-rip-off"": [77000, 195000, 27000]}","{""axis"": 0, ""category"": ""other_offcuts"", ""kerf_um"": 3000, ""kerf_volume_um3"": 15795000000000, ""retained_side"": ""min"", ""retained_um"": 26000, ""tool"": ""saw""}"
maple-33-joint,surface,maple-33-pre,panel-4-strip-2;maple-33-joint-loss,"[26000, 195000, 27000]","{""maple-33-joint-loss"": [1000, 195000, 27000], ""panel-4-strip-2"": [25000, 195000, 27000]}","{""amount_um"": 1000, ""axis"": 0, ""category"": ""milling"", ""process"": ""jointer"", ""side"": ""max""}"
walnut-7-separate,cut,walnut-7,walnut-7-window;walnut-7-reserve,"[83000, 419000, 37000]","{""walnut-7-reserve"": [83000, 196000, 37000], ""walnut-7-window"": [83000, 220000, 37000]}","{""axis"": 1, ""category"": ""other_offcuts"", ""kerf_um"": 3000, ""kerf_volume_um3"": 9213000000000, ""retained_side"": ""min"", ""retained_um"": 220000, ""tool"": ""saw""}"
walnut-7-end-min,cut,walnut-7-window,walnut-7-end1;walnut-7-end-min-off,"[83000, 220000, 37000]","{""walnut-7-end-min-off"": [83000, 8000, 37000], ""walnut-7-end1"": [83000, 209000, 37000]}","{""axis"": 1, ""category"": ""trim"", ""kerf_um"": 3000, ""kerf_volume_um3"": 9213000000000, ""retained_side"": ""max"", ""retained_um"": 209000, ""tool"": ""saw""}"
walnut-7-end-max,cut,walnut-7-end1,walnut-7-blank;walnut-7-end-max-off,"[83000, 209000, 37000]","{""walnut-7-blank"": [83000, 195000, 37000], ""walnut-7-end-max-off"": [83000, 11000, 37000]}","{""axis"": 1, ""category"": ""trim"", ""kerf_um"": 3000, ""kerf_volume_um3"": 9213000000000, ""retained_side"": ""min"", ""retained_um"": 195000, ""tool"": ""saw""}"
walnut-7-zmin,surface,walnut-7-blank,walnut-7-z1;walnut-7-zmin-loss,"[83000, 195000, 37000]","{""walnut-7-z1"": [83000, 195000, 32000], ""walnut-7-zmin-loss"": [83000, 195000, 5000]}","{""amount_um"": 5000, ""axis"": 2, ""category"": ""milling"", ""process"": ""thickness_planer"", ""side"": ""min""}"
walnut-7-zmax,surface,walnut-7-z1,walnut-7-z2;walnut-7-zmax-loss,"[83000, 195000, 32000]","{""walnut-7-z2"": [83000, 195000, 27000], ""walnut-7-zmax-loss"": [83000, 195000, 5000]}","{""amount_um"": 5000, ""axis"": 2, ""category"": ""milling"", ""process"": ""thickness_planer"", ""side"": ""max""}"
walnut-7-xmin,surface,walnut-7-z2,walnut-7-x1;walnut-7-xmin-loss,"[83000, 195000, 27000]","{""walnut-7-x1"": [82000, 195000, 27000], ""walnut-7-xmin-loss"": [1000, 195000, 27000]}","{""amount_um"": 1000, ""axis"": 0, ""category"": ""milling"", ""process"": ""jointer"", ""side"": ""min""}"
walnut-7-xmax,surface,walnut-7-x1,walnut-7-x2;walnut-7-xmax-loss,"[82000, 195000, 27000]","{""walnut-7-x2"": [81000, 195000, 27000], ""walnut-7-xmax-loss"": [1000, 195000, 27000]}","{""amount_um"": 1000, ""axis"": 0, ""category"": ""milling"", ""process"": ""jointer"", ""side"": ""max""}"
walnut-7-rip,cut,walnut-7-x2,walnut-7-pre;walnut-7-rip-off,"[81000, 195000, 27000]","{""walnut-7-pre"": [26000, 195000, 27000], ""walnut-7-rip-off"": [52000, 195000, 27000]}","{""axis"": 0, ""category"": ""other_offcuts"", ""kerf_um"": 3000, ""kerf_volume_um3"": 15795000000000, ""retained_side"": ""min"", ""retained_um"": 26000, ""tool"": ""saw""}"
walnut-7-joint,surface,walnut-7-pre,panel-4-strip-3;walnut-7-joint-loss,"[26000, 195000, 27000]","{""panel-4-strip-3"": [25000, 195000, 27000], ""walnut-7-joint-loss"": [1000, 195000, 27000]}","{""amount_um"": 1000, ""axis"": 0, ""category"": ""milling"", ""process"": ""jointer"", ""side"": ""max""}"
walnut-8-separate,cut,walnut-8,walnut-8-window;walnut-8-reserve,"[83000, 419000, 37000]","{""walnut-8-reserve"": [83000, 196000, 37000], ""walnut-8-window"": [83000, 220000, 37000]}","{""axis"": 1, ""category"": ""other_offcuts"", ""kerf_um"": 3000, ""kerf_volume_um3"": 9213000000000, ""retained_side"": ""min"", ""retained_um"": 220000, ""tool"": ""saw""}"
walnut-8-end-min,cut,walnut-8-window,walnut-8-end1;walnut-8-end-min-off,"[83000, 220000, 37000]","{""walnut-8-end-min-off"": [83000, 8000, 37000], ""walnut-8-end1"": [83000, 209000, 37000]}","{""axis"": 1, ""category"": ""trim"", ""kerf_um"": 3000, ""kerf_volume_um3"": 9213000000000, ""retained_side"": ""max"", ""retained_um"": 209000, ""tool"": ""saw""}"
walnut-8-end-max,cut,walnut-8-end1,walnut-8-blank;walnut-8-end-max-off,"[83000, 209000, 37000]","{""walnut-8-blank"": [83000, 195000, 37000], ""walnut-8-end-max-off"": [83000, 11000, 37000]}","{""axis"": 1, ""category"": ""trim"", ""kerf_um"": 3000, ""kerf_volume_um3"": 9213000000000, ""retained_side"": ""min"", ""retained_um"": 195000, ""tool"": ""saw""}"
walnut-8-zmin,surface,walnut-8-blank,walnut-8-z1;walnut-8-zmin-loss,"[83000, 195000, 37000]","{""walnut-8-z1"": [83000, 195000, 32000], ""walnut-8-zmin-loss"": [83000, 195000, 5000]}","{""amount_um"": 5000, ""axis"": 2, ""category"": ""milling"", ""process"": ""thickness_planer"", ""side"": ""min""}"
walnut-8-zmax,surface,walnut-8-z1,walnut-8-z2;walnut-8-zmax-loss,"[83000, 195000, 32000]","{""walnut-8-z2"": [83000, 195000, 27000], ""walnut-8-zmax-loss"": [83000, 195000, 5000]}","{""amount_um"": 5000, ""axis"": 2, ""category"": ""milling"", ""process"": ""thickness_planer"", ""side"": ""max""}"
walnut-8-xmin,surface,walnut-8-z2,walnut-8-x1;walnut-8-xmin-loss,"[83000, 195000, 27000]","{""walnut-8-x1"": [82000, 195000, 27000], ""walnut-8-xmin-loss"": [1000, 195000, 27000]}","{""amount_um"": 1000, ""axis"": 0, ""category"": ""milling"", ""process"": ""jointer"", ""side"": ""min""}"
walnut-8-xmax,surface,walnut-8-x1,walnut-8-x2;walnut-8-xmax-loss,"[82000, 195000, 27000]","{""walnut-8-x2"": [81000, 195000, 27000], ""walnut-8-xmax-loss"": [1000, 195000, 27000]}","{""amount_um"": 1000, ""axis"": 0, ""category"": ""milling"", ""process"": ""jointer"", ""side"": ""max""}"
walnut-8-rip,cut,walnut-8-x2,walnut-8-pre;walnut-8-rip-off,"[81000, 195000, 27000]","{""walnut-8-pre"": [26000, 195000, 27000], ""walnut-8-rip-off"": [52000, 195000, 27000]}","{""axis"": 0, ""category"": ""other_offcuts"", ""kerf_um"": 3000, ""kerf_volume_um3"": 15795000000000, ""retained_side"": ""min"", ""retained_um"": 26000, ""tool"": ""saw""}"
walnut-8-joint,surface,walnut-8-pre,panel-4-strip-4;walnut-8-joint-loss,"[26000, 195000, 27000]","{""panel-4-strip-4"": [25000, 195000, 27000], ""walnut-8-joint-loss"": [1000, 195000, 27000]}","{""amount_um"": 1000, ""axis"": 0, ""category"": ""milling"", ""process"": ""jointer"", ""side"": ""max""}"
walnut-9-separate,cut,walnut-9,walnut-9-window;walnut-9-reserve,"[83000, 419000, 37000]","{""walnut-9-reserve"": [83000, 196000, 37000], ""walnut-9-window"": [83000, 220000, 37000]}","{""axis"": 1, ""category"": ""other_offcuts"", ""kerf_um"": 3000, ""kerf_volume_um3"": 9213000000000, ""retained_side"": ""min"", ""retained_um"": 220000, ""tool"": ""saw""}"
walnut-9-end-min,cut,walnut-9-window,walnut-9-end1;walnut-9-end-min-off,"[83000, 220000, 37000]","{""walnut-9-end-min-off"": [83000, 8000, 37000], ""walnut-9-end1"": [83000, 209000, 37000]}","{""axis"": 1, ""category"": ""trim"", ""kerf_um"": 3000, ""kerf_volume_um3"": 9213000000000, ""retained_side"": ""max"", ""retained_um"": 209000, ""tool"": ""saw""}"
walnut-9-end-max,cut,walnut-9-end1,walnut-9-blank;walnut-9-end-max-off,"[83000, 209000, 37000]","{""walnut-9-blank"": [83000, 195000, 37000], ""walnut-9-end-max-off"": [83000, 11000, 37000]}","{""axis"": 1, ""category"": ""trim"", ""kerf_um"": 3000, ""kerf_volume_um3"": 9213000000000, ""retained_side"": ""min"", ""retained_um"": 195000, ""tool"": ""saw""}"
walnut-9-zmin,surface,walnut-9-blank,walnut-9-z1;walnut-9-zmin-loss,"[83000, 195000, 37000]","{""walnut-9-z1"": [83000, 195000, 32000], ""walnut-9-zmin-loss"": [83000, 195000, 5000]}","{""amount_um"": 5000, ""axis"": 2, ""category"": ""milling"", ""process"": ""thickness_planer"", ""side"": ""min""}"
walnut-9-zmax,surface,walnut-9-z1,walnut-9-z2;walnut-9-zmax-loss,"[83000, 195000, 32000]","{""walnut-9-z2"": [83000, 195000, 27000], ""walnut-9-zmax-loss"": [83000, 195000, 5000]}","{""amount_um"": 5000, ""axis"": 2, ""category"": ""milling"", ""process"": ""thickness_planer"", ""side"": ""max""}"
walnut-9-xmin,surface,walnut-9-z2,walnut-9-x1;walnut-9-xmin-loss,"[83000, 195000, 27000]","{""walnut-9-x1"": [82000, 195000, 27000], ""walnut-9-xmin-loss"": [1000, 195000, 27000]}","{""amount_um"": 1000, ""axis"": 0, ""category"": ""milling"", ""process"": ""jointer"", ""side"": ""min""}"
walnut-9-xmax,surface,walnut-9-x1,walnut-9-x2;walnut-9-xmax-loss,"[82000, 195000, 27000]","{""walnut-9-x2"": [81000, 195000, 27000], ""walnut-9-xmax-loss"": [1000, 195000, 27000]}","{""amount_um"": 1000, ""axis"": 0, ""category"": ""milling"", ""process"": ""jointer"", ""side"": ""max""}"
walnut-9-rip,cut,walnut-9-x2,walnut-9-pre;walnut-9-rip-off,"[81000, 195000, 27000]","{""walnut-9-pre"": [26000, 195000, 27000], ""walnut-9-rip-off"": [52000, 195000, 27000]}","{""axis"": 0, ""category"": ""other_offcuts"", ""kerf_um"": 3000, ""kerf_volume_um3"": 15795000000000, ""retained_side"": ""min"", ""retained_um"": 26000, ""tool"": ""saw""}"
walnut-9-joint,surface,walnut-9-pre,panel-4-strip-5;walnut-9-joint-loss,"[26000, 195000, 27000]","{""panel-4-strip-5"": [25000, 195000, 27000], ""walnut-9-joint-loss"": [1000, 195000, 27000]}","{""amount_um"": 1000, ""axis"": 0, ""category"": ""milling"", ""process"": ""jointer"", ""side"": ""max""}"
walnut-10-separate,cut,walnut-10,walnut-10-window;walnut-10-reserve,"[83000, 419000, 37000]","{""walnut-10-reserve"": [83000, 196000, 37000], ""walnut-10-window"": [83000, 220000, 37000]}","{""axis"": 1, ""category"": ""other_offcuts"", ""kerf_um"": 3000, ""kerf_volume_um3"": 9213000000000, ""retained_side"": ""min"", ""retained_um"": 220000, ""tool"": ""saw""}"
walnut-10-end-min,cut,walnut-10-window,walnut-10-end1;walnut-10-end-min-off,"[83000, 220000, 37000]","{""walnut-10-end-min-off"": [83000, 8000, 37000], ""walnut-10-end1"": [83000, 209000, 37000]}","{""axis"": 1, ""category"": ""trim"", ""kerf_um"": 3000, ""kerf_volume_um3"": 9213000000000, ""retained_side"": ""max"", ""retained_um"": 209000, ""tool"": ""saw""}"
walnut-10-end-max,cut,walnut-10-end1,walnut-10-blank;walnut-10-end-max-off,"[83000, 209000, 37000]","{""walnut-10-blank"": [83000, 195000, 37000], ""walnut-10-end-max-off"": [83000, 11000, 37000]}","{""axis"": 1, ""category"": ""trim"", ""kerf_um"": 3000, ""kerf_volume_um3"": 9213000000000, ""retained_side"": ""min"", ""retained_um"": 195000, ""tool"": ""saw""}"
walnut-10-zmin,surface,walnut-10-blank,walnut-10-z1;walnut-10-zmin-loss,"[83000, 195000, 37000]","{""walnut-10-z1"": [83000, 195000, 32000], ""walnut-10-zmin-loss"": [83000, 195000, 5000]}","{""amount_um"": 5000, ""axis"": 2, ""category"": ""milling"", ""process"": ""thickness_planer"", ""side"": ""min""}"
walnut-10-zmax,surface,walnut-10-z1,walnut-10-z2;walnut-10-zmax-loss,"[83000, 195000, 32000]","{""walnut-10-z2"": [83000, 195000, 27000], ""walnut-10-zmax-loss"": [83000, 195000, 5000]}","{""amount_um"": 5000, ""axis"": 2, ""category"": ""milling"", ""process"": ""thickness_planer"", ""side"": ""max""}"
walnut-10-xmin,surface,walnut-10-z2,walnut-10-x1;walnut-10-xmin-loss,"[83000, 195000, 27000]","{""walnut-10-x1"": [82000, 195000, 27000], ""walnut-10-xmin-loss"": [1000, 195000, 27000]}","{""amount_um"": 1000, ""axis"": 0, ""category"": ""milling"", ""process"": ""jointer"", ""side"": ""min""}"
walnut-10-xmax,surface,walnut-10-x1,walnut-10-x2;walnut-10-xmax-loss,"[82000, 195000, 27000]","{""walnut-10-x2"": [81000, 195000, 27000], ""walnut-10-xmax-loss"": [1000, 195000, 27000]}","{""amount_um"": 1000, ""axis"": 0, ""category"": ""milling"", ""process"": ""jointer"", ""side"": ""max""}"
walnut-10-rip,cut,walnut-10-x2,walnut-10-pre;walnut-10-rip-off,"[81000, 195000, 27000]","{""walnut-10-pre"": [26000, 195000, 27000], ""walnut-10-rip-off"": [52000, 195000, 27000]}","{""axis"": 0, ""category"": ""other_offcuts"", ""kerf_um"": 3000, ""kerf_volume_um3"": 15795000000000, ""retained_side"": ""min"", ""retained_um"": 26000, ""tool"": ""saw""}"
walnut-10-joint,surface,walnut-10-pre,panel-4-strip-6;walnut-10-joint-loss,"[26000, 195000, 27000]","{""panel-4-strip-6"": [25000, 195000, 27000], ""walnut-10-joint-loss"": [1000, 195000, 27000]}","{""amount_um"": 1000, ""axis"": 0, ""category"": ""milling"", ""process"": ""jointer"", ""side"": ""max""}"
walnut-11-separate,cut,walnut-11,walnut-11-window;walnut-11-reserve,"[83000, 419000, 37000]","{""walnut-11-reserve"": [83000, 196000, 37000], ""walnut-11-window"": [83000, 220000, 37000]}","{""axis"": 1, ""category"": ""other_offcuts"", ""kerf_um"": 3000, ""kerf_volume_um3"": 9213000000000, ""retained_side"": ""min"", ""retained_um"": 220000, ""tool"": ""saw""}"
walnut-11-end-min,cut,walnut-11-window,walnut-11-end1;walnut-11-end-min-off,"[83000, 220000, 37000]","{""walnut-11-end-min-off"": [83000, 8000, 37000], ""walnut-11-end1"": [83000, 209000, 37000]}","{""axis"": 1, ""category"": ""trim"", ""kerf_um"": 3000, ""kerf_volume_um3"": 9213000000000, ""retained_side"": ""max"", ""retained_um"": 209000, ""tool"": ""saw""}"
walnut-11-end-max,cut,walnut-11-end1,walnut-11-blank;walnut-11-end-max-off,"[83000, 209000, 37000]","{""walnut-11-blank"": [83000, 195000, 37000], ""walnut-11-end-max-off"": [83000, 11000, 37000]}","{""axis"": 1, ""category"": ""trim"", ""kerf_um"": 3000, ""kerf_volume_um3"": 9213000000000, ""retained_side"": ""min"", ""retained_um"": 195000, ""tool"": ""saw""}"
walnut-11-zmin,surface,walnut-11-blank,walnut-11-z1;walnut-11-zmin-loss,"[83000, 195000, 37000]","{""walnut-11-z1"": [83000, 195000, 32000], ""walnut-11-zmin-loss"": [83000, 195000, 5000]}","{""amount_um"": 5000, ""axis"": 2, ""category"": ""milling"", ""process"": ""thickness_planer"", ""side"": ""min""}"
walnut-11-zmax,surface,walnut-11-z1,walnut-11-z2;walnut-11-zmax-loss,"[83000, 195000, 32000]","{""walnut-11-z2"": [83000, 195000, 27000], ""walnut-11-zmax-loss"": [83000, 195000, 5000]}","{""amount_um"": 5000, ""axis"": 2, ""category"": ""milling"", ""process"": ""thickness_planer"", ""side"": ""max""}"
walnut-11-xmin,surface,walnut-11-z2,walnut-11-x1;walnut-11-xmin-loss,"[83000, 195000, 27000]","{""walnut-11-x1"": [82000, 195000, 27000], ""walnut-11-xmin-loss"": [1000, 195000, 27000]}","{""amount_um"": 1000, ""axis"": 0, ""category"": ""milling"", ""process"": ""jointer"", ""side"": ""min""}"
walnut-11-xmax,surface,walnut-11-x1,walnut-11-x2;walnut-11-xmax-loss,"[82000, 195000, 27000]","{""walnut-11-x2"": [81000, 195000, 27000], ""walnut-11-xmax-loss"": [1000, 195000, 27000]}","{""amount_um"": 1000, ""axis"": 0, ""category"": ""milling"", ""process"": ""jointer"", ""side"": ""max""}"
walnut-11-rip,cut,walnut-11-x2,walnut-11-pre;walnut-11-rip-off,"[81000, 195000, 27000]","{""walnut-11-pre"": [26000, 195000, 27000], ""walnut-11-rip-off"": [52000, 195000, 27000]}","{""axis"": 0, ""category"": ""other_offcuts"", ""kerf_um"": 3000, ""kerf_volume_um3"": 15795000000000, ""retained_side"": ""min"", ""retained_um"": 26000, ""tool"": ""saw""}"
walnut-11-joint,surface,walnut-11-pre,panel-4-strip-7;walnut-11-joint-loss,"[26000, 195000, 27000]","{""panel-4-strip-7"": [25000, 195000, 27000], ""walnut-11-joint-loss"": [1000, 195000, 27000]}","{""amount_um"": 1000, ""axis"": 0, ""category"": ""milling"", ""process"": ""jointer"", ""side"": ""max""}"
walnut-12-separate,cut,walnut-12,walnut-12-window;walnut-12-reserve,"[83000, 419000, 37000]","{""walnut-12-reserve"": [83000, 196000, 37000], ""walnut-12-window"": [83000, 220000, 37000]}","{""axis"": 1, ""category"": ""other_offcuts"", ""kerf_um"": 3000, ""kerf_volume_um3"": 9213000000000, ""retained_side"": ""min"", ""retained_um"": 220000, ""tool"": ""saw""}"
walnut-12-end-min,cut,walnut-12-window,walnut-12-end1;walnut-12-end-min-off,"[83000, 220000, 37000]","{""walnut-12-end-min-off"": [83000, 8000, 37000], ""walnut-12-end1"": [83000, 209000, 37000]}","{""axis"": 1, ""category"": ""trim"", ""kerf_um"": 3000, ""kerf_volume_um3"": 9213000000000, ""retained_side"": ""max"", ""retained_um"": 209000, ""tool"": ""saw""}"
walnut-12-end-max,cut,walnut-12-end1,walnut-12-blank;walnut-12-end-max-off,"[83000, 209000, 37000]","{""walnut-12-blank"": [83000, 195000, 37000], ""walnut-12-end-max-off"": [83000, 11000, 37000]}","{""axis"": 1, ""category"": ""trim"", ""kerf_um"": 3000, ""kerf_volume_um3"": 9213000000000, ""retained_side"": ""min"", ""retained_um"": 195000, ""tool"": ""saw""}"
walnut-12-zmin,surface,walnut-12-blank,walnut-12-z1;walnut-12-zmin-loss,"[83000, 195000, 37000]","{""walnut-12-z1"": [83000, 195000, 32000], ""walnut-12-zmin-loss"": [83000, 195000, 5000]}","{""amount_um"": 5000, ""axis"": 2, ""category"": ""milling"", ""process"": ""thickness_planer"", ""side"": ""min""}"
walnut-12-zmax,surface,walnut-12-z1,walnut-12-z2;walnut-12-zmax-loss,"[83000, 195000, 32000]","{""walnut-12-z2"": [83000, 195000, 27000], ""walnut-12-zmax-loss"": [83000, 195000, 5000]}","{""amount_um"": 5000, ""axis"": 2, ""category"": ""milling"", ""process"": ""thickness_planer"", ""side"": ""max""}"
walnut-12-xmin,surface,walnut-12-z2,walnut-12-x1;walnut-12-xmin-loss,"[83000, 195000, 27000]","{""walnut-12-x1"": [82000, 195000, 27000], ""walnut-12-xmin-loss"": [1000, 195000, 27000]}","{""amount_um"": 1000, ""axis"": 0, ""category"": ""milling"", ""process"": ""jointer"", ""side"": ""min""}"
walnut-12-xmax,surface,walnut-12-x1,walnut-12-x2;walnut-12-xmax-loss,"[82000, 195000, 27000]","{""walnut-12-x2"": [81000, 195000, 27000], ""walnut-12-xmax-loss"": [1000, 195000, 27000]}","{""amount_um"": 1000, ""axis"": 0, ""category"": ""milling"", ""process"": ""jointer"", ""side"": ""max""}"
walnut-12-rip,cut,walnut-12-x2,walnut-12-pre;walnut-12-rip-off,"[81000, 195000, 27000]","{""walnut-12-pre"": [26000, 195000, 27000], ""walnut-12-rip-off"": [52000, 195000, 27000]}","{""axis"": 0, ""category"": ""other_offcuts"", ""kerf_um"": 3000, ""kerf_volume_um3"": 15795000000000, ""retained_side"": ""min"", ""retained_um"": 26000, ""tool"": ""saw""}"
walnut-12-joint,surface,walnut-12-pre,panel-4-strip-8;walnut-12-joint-loss,"[26000, 195000, 27000]","{""panel-4-strip-8"": [25000, 195000, 27000], ""walnut-12-joint-loss"": [1000, 195000, 27000]}","{""amount_um"": 1000, ""axis"": 0, ""category"": ""milling"", ""process"": ""jointer"", ""side"": ""max""}"
maple-34-separate,cut,maple-34,maple-34-window;maple-34-reserve,"[108000, 419000, 33000]","{""maple-34-reserve"": [108000, 196000, 33000], ""maple-34-window"": [108000, 220000, 33000]}","{""axis"": 1, ""category"": ""other_offcuts"", ""kerf_um"": 3000, ""kerf_volume_um3"": 10692000000000, ""retained_side"": ""min"", ""retained_um"": 220000, ""tool"": ""saw""}"
maple-34-end-min,cut,maple-34-window,maple-34-end1;maple-34-end-min-off,"[108000, 220000, 33000]","{""maple-34-end-min-off"": [108000, 8000, 33000], ""maple-34-end1"": [108000, 209000, 33000]}","{""axis"": 1, ""category"": ""trim"", ""kerf_um"": 3000, ""kerf_volume_um3"": 10692000000000, ""retained_side"": ""max"", ""retained_um"": 209000, ""tool"": ""saw""}"
maple-34-end-max,cut,maple-34-end1,maple-34-blank;maple-34-end-max-off,"[108000, 209000, 33000]","{""maple-34-blank"": [108000, 195000, 33000], ""maple-34-end-max-off"": [108000, 11000, 33000]}","{""axis"": 1, ""category"": ""trim"", ""kerf_um"": 3000, ""kerf_volume_um3"": 10692000000000, ""retained_side"": ""min"", ""retained_um"": 195000, ""tool"": ""saw""}"
maple-34-zmin,surface,maple-34-blank,maple-34-z1;maple-34-zmin-loss,"[108000, 195000, 33000]","{""maple-34-z1"": [108000, 195000, 30000], ""maple-34-zmin-loss"": [108000, 195000, 3000]}","{""amount_um"": 3000, ""axis"": 2, ""category"": ""milling"", ""process"": ""thickness_planer"", ""side"": ""min""}"
maple-34-zmax,surface,maple-34-z1,maple-34-z2;maple-34-zmax-loss,"[108000, 195000, 30000]","{""maple-34-z2"": [108000, 195000, 27000], ""maple-34-zmax-loss"": [108000, 195000, 3000]}","{""amount_um"": 3000, ""axis"": 2, ""category"": ""milling"", ""process"": ""thickness_planer"", ""side"": ""max""}"
maple-34-xmin,surface,maple-34-z2,maple-34-x1;maple-34-xmin-loss,"[108000, 195000, 27000]","{""maple-34-x1"": [107000, 195000, 27000], ""maple-34-xmin-loss"": [1000, 195000, 27000]}","{""amount_um"": 1000, ""axis"": 0, ""category"": ""milling"", ""process"": ""jointer"", ""side"": ""min""}"
maple-34-xmax,surface,maple-34-x1,maple-34-x2;maple-34-xmax-loss,"[107000, 195000, 27000]","{""maple-34-x2"": [106000, 195000, 27000], ""maple-34-xmax-loss"": [1000, 195000, 27000]}","{""amount_um"": 1000, ""axis"": 0, ""category"": ""milling"", ""process"": ""jointer"", ""side"": ""max""}"
maple-34-rip,cut,maple-34-x2,maple-34-pre;maple-34-rip-off,"[106000, 195000, 27000]","{""maple-34-pre"": [26000, 195000, 27000], ""maple-34-rip-off"": [77000, 195000, 27000]}","{""axis"": 0, ""category"": ""other_offcuts"", ""kerf_um"": 3000, ""kerf_volume_um3"": 15795000000000, ""retained_side"": ""min"", ""retained_um"": 26000, ""tool"": ""saw""}"
maple-34-joint,surface,maple-34-pre,panel-4-strip-9;maple-34-joint-loss,"[26000, 195000, 27000]","{""maple-34-joint-loss"": [1000, 195000, 27000], ""panel-4-strip-9"": [25000, 195000, 27000]}","{""amount_um"": 1000, ""axis"": 0, ""category"": ""milling"", ""process"": ""jointer"", ""side"": ""max""}"
maple-35-separate,cut,maple-35,maple-35-window;maple-35-reserve,"[108000, 419000, 33000]","{""maple-35-reserve"": [108000, 196000, 33000], ""maple-35-window"": [108000, 220000, 33000]}","{""axis"": 1, ""category"": ""other_offcuts"", ""kerf_um"": 3000, ""kerf_volume_um3"": 10692000000000, ""retained_side"": ""min"", ""retained_um"": 220000, ""tool"": ""saw""}"
maple-35-end-min,cut,maple-35-window,maple-35-end1;maple-35-end-min-off,"[108000, 220000, 33000]","{""maple-35-end-min-off"": [108000, 8000, 33000], ""maple-35-end1"": [108000, 209000, 33000]}","{""axis"": 1, ""category"": ""trim"", ""kerf_um"": 3000, ""kerf_volume_um3"": 10692000000000, ""retained_side"": ""max"", ""retained_um"": 209000, ""tool"": ""saw""}"
maple-35-end-max,cut,maple-35-end1,maple-35-blank;maple-35-end-max-off,"[108000, 209000, 33000]","{""maple-35-blank"": [108000, 195000, 33000], ""maple-35-end-max-off"": [108000, 11000, 33000]}","{""axis"": 1, ""category"": ""trim"", ""kerf_um"": 3000, ""kerf_volume_um3"": 10692000000000, ""retained_side"": ""min"", ""retained_um"": 195000, ""tool"": ""saw""}"
maple-35-zmin,surface,maple-35-blank,maple-35-z1;maple-35-zmin-loss,"[108000, 195000, 33000]","{""maple-35-z1"": [108000, 195000, 30000], ""maple-35-zmin-loss"": [108000, 195000, 3000]}","{""amount_um"": 3000, ""axis"": 2, ""category"": ""milling"", ""process"": ""thickness_planer"", ""side"": ""min""}"
maple-35-zmax,surface,maple-35-z1,maple-35-z2;maple-35-zmax-loss,"[108000, 195000, 30000]","{""maple-35-z2"": [108000, 195000, 27000], ""maple-35-zmax-loss"": [108000, 195000, 3000]}","{""amount_um"": 3000, ""axis"": 2, ""category"": ""milling"", ""process"": ""thickness_planer"", ""side"": ""max""}"
maple-35-xmin,surface,maple-35-z2,maple-35-x1;maple-35-xmin-loss,"[108000, 195000, 27000]","{""maple-35-x1"": [107000, 195000, 27000], ""maple-35-xmin-loss"": [1000, 195000, 27000]}","{""amount_um"": 1000, ""axis"": 0, ""category"": ""milling"", ""process"": ""jointer"", ""side"": ""min""}"
maple-35-xmax,surface,maple-35-x1,maple-35-x2;maple-35-xmax-loss,"[107000, 195000, 27000]","{""maple-35-x2"": [106000, 195000, 27000], ""maple-35-xmax-loss"": [1000, 195000, 27000]}","{""amount_um"": 1000, ""axis"": 0, ""category"": ""milling"", ""process"": ""jointer"", ""side"": ""max""}"
maple-35-rip,cut,maple-35-x2,maple-35-pre;maple-35-rip-off,"[106000, 195000, 27000]","{""maple-35-pre"": [26000, 195000, 27000], ""maple-35-rip-off"": [77000, 195000, 27000]}","{""axis"": 0, ""category"": ""other_offcuts"", ""kerf_um"": 3000, ""kerf_volume_um3"": 15795000000000, ""retained_side"": ""min"", ""retained_um"": 26000, ""tool"": ""saw""}"
maple-35-joint,surface,maple-35-pre,panel-4-strip-10;maple-35-joint-loss,"[26000, 195000, 27000]","{""maple-35-joint-loss"": [1000, 195000, 27000], ""panel-4-strip-10"": [25000, 195000, 27000]}","{""amount_um"": 1000, ""axis"": 0, ""category"": ""milling"", ""process"": ""jointer"", ""side"": ""max""}"
maple-36-separate,cut,maple-36,maple-36-window;maple-36-reserve,"[108000, 419000, 33000]","{""maple-36-reserve"": [108000, 196000, 33000], ""maple-36-window"": [108000, 220000, 33000]}","{""axis"": 1, ""category"": ""other_offcuts"", ""kerf_um"": 3000, ""kerf_volume_um3"": 10692000000000, ""retained_side"": ""min"", ""retained_um"": 220000, ""tool"": ""saw""}"
maple-36-end-min,cut,maple-36-window,maple-36-end1;maple-36-end-min-off,"[108000, 220000, 33000]","{""maple-36-end-min-off"": [108000, 8000, 33000], ""maple-36-end1"": [108000, 209000, 33000]}","{""axis"": 1, ""category"": ""trim"", ""kerf_um"": 3000, ""kerf_volume_um3"": 10692000000000, ""retained_side"": ""max"", ""retained_um"": 209000, ""tool"": ""saw""}"
maple-36-end-max,cut,maple-36-end1,maple-36-blank;maple-36-end-max-off,"[108000, 209000, 33000]","{""maple-36-blank"": [108000, 195000, 33000], ""maple-36-end-max-off"": [108000, 11000, 33000]}","{""axis"": 1, ""category"": ""trim"", ""kerf_um"": 3000, ""kerf_volume_um3"": 10692000000000, ""retained_side"": ""min"", ""retained_um"": 195000, ""tool"": ""saw""}"
maple-36-zmin,surface,maple-36-blank,maple-36-z1;maple-36-zmin-loss,"[108000, 195000, 33000]","{""maple-36-z1"": [108000, 195000, 30000], ""maple-36-zmin-loss"": [108000, 195000, 3000]}","{""amount_um"": 3000, ""axis"": 2, ""category"": ""milling"", ""process"": ""thickness_planer"", ""side"": ""min""}"
maple-36-zmax,surface,maple-36-z1,maple-36-z2;maple-36-zmax-loss,"[108000, 195000, 30000]","{""maple-36-z2"": [108000, 195000, 27000], ""maple-36-zmax-loss"": [108000, 195000, 3000]}","{""amount_um"": 3000, ""axis"": 2, ""category"": ""milling"", ""process"": ""thickness_planer"", ""side"": ""max""}"
maple-36-xmin,surface,maple-36-z2,maple-36-x1;maple-36-xmin-loss,"[108000, 195000, 27000]","{""maple-36-x1"": [107000, 195000, 27000], ""maple-36-xmin-loss"": [1000, 195000, 27000]}","{""amount_um"": 1000, ""axis"": 0, ""category"": ""milling"", ""process"": ""jointer"", ""side"": ""min""}"
maple-36-xmax,surface,maple-36-x1,maple-36-x2;maple-36-xmax-loss,"[107000, 195000, 27000]","{""maple-36-x2"": [106000, 195000, 27000], ""maple-36-xmax-loss"": [1000, 195000, 27000]}","{""amount_um"": 1000, ""axis"": 0, ""category"": ""milling"", ""process"": ""jointer"", ""side"": ""max""}"
maple-36-rip,cut,maple-36-x2,maple-36-pre;maple-36-rip-off,"[106000, 195000, 27000]","{""maple-36-pre"": [26000, 195000, 27000], ""maple-36-rip-off"": [77000, 195000, 27000]}","{""axis"": 0, ""category"": ""other_offcuts"", ""kerf_um"": 3000, ""kerf_volume_um3"": 15795000000000, ""retained_side"": ""min"", ""retained_um"": 26000, ""tool"": ""saw""}"
maple-36-joint,surface,maple-36-pre,panel-4-strip-11;maple-36-joint-loss,"[26000, 195000, 27000]","{""maple-36-joint-loss"": [1000, 195000, 27000], ""panel-4-strip-11"": [25000, 195000, 27000]}","{""amount_um"": 1000, ""axis"": 0, ""category"": ""milling"", ""process"": ""jointer"", ""side"": ""max""}"
panel-4-glue,glue,panel-4-strip-0;panel-4-strip-1;panel-4-strip-2;panel-4-strip-3;panel-4-strip-4;panel-4-strip-5;panel-4-strip-6;panel-4-strip-7;panel-4-strip-8;panel-4-strip-9;panel-4-strip-10;panel-4-strip-11,panel-4-raw,"{""panel-4-strip-0"": [25000, 195000, 27000], ""panel-4-strip-1"": [25000, 195000, 27000], ""panel-4-strip-10"": [25000, 195000, 27000], ""panel-4-strip-11"": [25000, 195000, 27000], ""panel-4-strip-2"": [25000, 195000, 27000], ""panel-4-strip-3"": [25000, 195000, 27000], ""panel-4-strip-4"": [25000, 195000, 27000], ""panel-4-strip-5"": [25000, 195000, 27000], ""panel-4-strip-6"": [25000, 195000, 27000], ""panel-4-strip-7"": [25000, 195000, 27000], ""panel-4-strip-8"": [25000, 195000, 27000], ""panel-4-strip-9"": [25000, 195000, 27000]}","{""panel-4-raw"": [300000, 195000, 27000]}","{""axis"": 0, ""joint_count"": 11, ""negligible_glue_line"": true, ""prepared_faces"": true, ""stage"": ""first""}"
panel-4-zmin,surface,panel-4-raw,panel-4-z1;panel-4-zmin-loss,"[300000, 195000, 27000]","{""panel-4-z1"": [300000, 195000, 26000], ""panel-4-zmin-loss"": [300000, 195000, 1000]}","{""amount_um"": 1000, ""axis"": 2, ""category"": ""milling"", ""process"": ""thickness_planer"", ""side"": ""min""}"
panel-4-zmax,surface,panel-4-z1,panel-4-flat;panel-4-zmax-loss,"[300000, 195000, 26000]","{""panel-4-flat"": [300000, 195000, 25000], ""panel-4-zmax-loss"": [300000, 195000, 1000]}","{""amount_um"": 1000, ""axis"": 2, ""category"": ""milling"", ""process"": ""thickness_planer"", ""side"": ""max""}"
panel-4-slice-0,cut,panel-4-flat,slice-4;panel-4-remainder-0,"[300000, 195000, 25000]","{""panel-4-remainder-0"": [300000, 160000, 25000], ""slice-4"": [300000, 32000, 25000]}","{""axis"": 1, ""category"": ""other_offcuts"", ""kerf_um"": 3000, ""kerf_volume_um3"": 22500000000000, ""retained_side"": ""min"", ""retained_um"": 32000, ""tool"": ""saw""}"
row-4-rotate,rotate,slice-4,row-4,"[300000, 32000, 25000]","{""row-4"": [300000, 25000, 32000]}","{""perm"": [0, 2, 1], ""sign"": [1, -1, 1]}"
maple-37-separate,cut,maple-37,maple-37-window;maple-37-reserve,"[108000, 419000, 33000]","{""maple-37-reserve"": [108000, 196000, 33000], ""maple-37-window"": [108000, 220000, 33000]}","{""axis"": 1, ""category"": ""other_offcuts"", ""kerf_um"": 3000, ""kerf_volume_um3"": 10692000000000, ""retained_side"": ""min"", ""retained_um"": 220000, ""tool"": ""saw""}"
maple-37-end-min,cut,maple-37-window,maple-37-end1;maple-37-end-min-off,"[108000, 220000, 33000]","{""maple-37-end-min-off"": [108000, 8000, 33000], ""maple-37-end1"": [108000, 209000, 33000]}","{""axis"": 1, ""category"": ""trim"", ""kerf_um"": 3000, ""kerf_volume_um3"": 10692000000000, ""retained_side"": ""max"", ""retained_um"": 209000, ""tool"": ""saw""}"
maple-37-end-max,cut,maple-37-end1,maple-37-blank;maple-37-end-max-off,"[108000, 209000, 33000]","{""maple-37-blank"": [108000, 195000, 33000], ""maple-37-end-max-off"": [108000, 11000, 33000]}","{""axis"": 1, ""category"": ""trim"", ""kerf_um"": 3000, ""kerf_volume_um3"": 10692000000000, ""retained_side"": ""min"", ""retained_um"": 195000, ""tool"": ""saw""}"
maple-37-zmin,surface,maple-37-blank,maple-37-z1;maple-37-zmin-loss,"[108000, 195000, 33000]","{""maple-37-z1"": [108000, 195000, 30000], ""maple-37-zmin-loss"": [108000, 195000, 3000]}","{""amount_um"": 3000, ""axis"": 2, ""category"": ""milling"", ""process"": ""thickness_planer"", ""side"": ""min""}"
maple-37-zmax,surface,maple-37-z1,maple-37-z2;maple-37-zmax-loss,"[108000, 195000, 30000]","{""maple-37-z2"": [108000, 195000, 27000], ""maple-37-zmax-loss"": [108000, 195000, 3000]}","{""amount_um"": 3000, ""axis"": 2, ""category"": ""milling"", ""process"": ""thickness_planer"", ""side"": ""max""}"
maple-37-xmin,surface,maple-37-z2,maple-37-x1;maple-37-xmin-loss,"[108000, 195000, 27000]","{""maple-37-x1"": [107000, 195000, 27000], ""maple-37-xmin-loss"": [1000, 195000, 27000]}","{""amount_um"": 1000, ""axis"": 0, ""category"": ""milling"", ""process"": ""jointer"", ""side"": ""min""}"
maple-37-xmax,surface,maple-37-x1,maple-37-x2;maple-37-xmax-loss,"[107000, 195000, 27000]","{""maple-37-x2"": [106000, 195000, 27000], ""maple-37-xmax-loss"": [1000, 195000, 27000]}","{""amount_um"": 1000, ""axis"": 0, ""category"": ""milling"", ""process"": ""jointer"", ""side"": ""max""}"
maple-37-rip,cut,maple-37-x2,maple-37-pre;maple-37-rip-off,"[106000, 195000, 27000]","{""maple-37-pre"": [26000, 195000, 27000], ""maple-37-rip-off"": [77000, 195000, 27000]}","{""axis"": 0, ""category"": ""other_offcuts"", ""kerf_um"": 3000, ""kerf_volume_um3"": 15795000000000, ""retained_side"": ""min"", ""retained_um"": 26000, ""tool"": ""saw""}"
maple-37-joint,surface,maple-37-pre,panel-5-strip-0;maple-37-joint-loss,"[26000, 195000, 27000]","{""maple-37-joint-loss"": [1000, 195000, 27000], ""panel-5-strip-0"": [25000, 195000, 27000]}","{""amount_um"": 1000, ""axis"": 0, ""category"": ""milling"", ""process"": ""jointer"", ""side"": ""max""}"
maple-38-separate,cut,maple-38,maple-38-window;maple-38-reserve,"[108000, 419000, 33000]","{""maple-38-reserve"": [108000, 196000, 33000], ""maple-38-window"": [108000, 220000, 33000]}","{""axis"": 1, ""category"": ""other_offcuts"", ""kerf_um"": 3000, ""kerf_volume_um3"": 10692000000000, ""retained_side"": ""min"", ""retained_um"": 220000, ""tool"": ""saw""}"
maple-38-end-min,cut,maple-38-window,maple-38-end1;maple-38-end-min-off,"[108000, 220000, 33000]","{""maple-38-end-min-off"": [108000, 8000, 33000], ""maple-38-end1"": [108000, 209000, 33000]}","{""axis"": 1, ""category"": ""trim"", ""kerf_um"": 3000, ""kerf_volume_um3"": 10692000000000, ""retained_side"": ""max"", ""retained_um"": 209000, ""tool"": ""saw""}"
maple-38-end-max,cut,maple-38-end1,maple-38-blank;maple-38-end-max-off,"[108000, 209000, 33000]","{""maple-38-blank"": [108000, 195000, 33000], ""maple-38-end-max-off"": [108000, 11000, 33000]}","{""axis"": 1, ""category"": ""trim"", ""kerf_um"": 3000, ""kerf_volume_um3"": 10692000000000, ""retained_side"": ""min"", ""retained_um"": 195000, ""tool"": ""saw""}"
maple-38-zmin,surface,maple-38-blank,maple-38-z1;maple-38-zmin-loss,"[108000, 195000, 33000]","{""maple-38-z1"": [108000, 195000, 30000], ""maple-38-zmin-loss"": [108000, 195000, 3000]}","{""amount_um"": 3000, ""axis"": 2, ""category"": ""milling"", ""process"": ""thickness_planer"", ""side"": ""min""}"
maple-38-zmax,surface,maple-38-z1,maple-38-z2;maple-38-zmax-loss,"[108000, 195000, 30000]","{""maple-38-z2"": [108000, 195000, 27000], ""maple-38-zmax-loss"": [108000, 195000, 3000]}","{""amount_um"": 3000, ""axis"": 2, ""category"": ""milling"", ""process"": ""thickness_planer"", ""side"": ""max""}"
maple-38-xmin,surface,maple-38-z2,maple-38-x1;maple-38-xmin-loss,"[108000, 195000, 27000]","{""maple-38-x1"": [107000, 195000, 27000], ""maple-38-xmin-loss"": [1000, 195000, 27000]}","{""amount_um"": 1000, ""axis"": 0, ""category"": ""milling"", ""process"": ""jointer"", ""side"": ""min""}"
maple-38-xmax,surface,maple-38-x1,maple-38-x2;maple-38-xmax-loss,"[107000, 195000, 27000]","{""maple-38-x2"": [106000, 195000, 27000], ""maple-38-xmax-loss"": [1000, 195000, 27000]}","{""amount_um"": 1000, ""axis"": 0, ""category"": ""milling"", ""process"": ""jointer"", ""side"": ""max""}"
maple-38-rip,cut,maple-38-x2,maple-38-pre;maple-38-rip-off,"[106000, 195000, 27000]","{""maple-38-pre"": [26000, 195000, 27000], ""maple-38-rip-off"": [77000, 195000, 27000]}","{""axis"": 0, ""category"": ""other_offcuts"", ""kerf_um"": 3000, ""kerf_volume_um3"": 15795000000000, ""retained_side"": ""min"", ""retained_um"": 26000, ""tool"": ""saw""}"
maple-38-joint,surface,maple-38-pre,panel-5-strip-1;maple-38-joint-loss,"[26000, 195000, 27000]","{""maple-38-joint-loss"": [1000, 195000, 27000], ""panel-5-strip-1"": [25000, 195000, 27000]}","{""amount_um"": 1000, ""axis"": 0, ""category"": ""milling"", ""process"": ""jointer"", ""side"": ""max""}"
walnut-13-separate,cut,walnut-13,walnut-13-window;walnut-13-reserve,"[83000, 419000, 37000]","{""walnut-13-reserve"": [83000, 196000, 37000], ""walnut-13-window"": [83000, 220000, 37000]}","{""axis"": 1, ""category"": ""other_offcuts"", ""kerf_um"": 3000, ""kerf_volume_um3"": 9213000000000, ""retained_side"": ""min"", ""retained_um"": 220000, ""tool"": ""saw""}"
walnut-13-end-min,cut,walnut-13-window,walnut-13-end1;walnut-13-end-min-off,"[83000, 220000, 37000]","{""walnut-13-end-min-off"": [83000, 8000, 37000], ""walnut-13-end1"": [83000, 209000, 37000]}","{""axis"": 1, ""category"": ""trim"", ""kerf_um"": 3000, ""kerf_volume_um3"": 9213000000000, ""retained_side"": ""max"", ""retained_um"": 209000, ""tool"": ""saw""}"
walnut-13-end-max,cut,walnut-13-end1,walnut-13-blank;walnut-13-end-max-off,"[83000, 209000, 37000]","{""walnut-13-blank"": [83000, 195000, 37000], ""walnut-13-end-max-off"": [83000, 11000, 37000]}","{""axis"": 1, ""category"": ""trim"", ""kerf_um"": 3000, ""kerf_volume_um3"": 9213000000000, ""retained_side"": ""min"", ""retained_um"": 195000, ""tool"": ""saw""}"
walnut-13-zmin,surface,walnut-13-blank,walnut-13-z1;walnut-13-zmin-loss,"[83000, 195000, 37000]","{""walnut-13-z1"": [83000, 195000, 32000], ""walnut-13-zmin-loss"": [83000, 195000, 5000]}","{""amount_um"": 5000, ""axis"": 2, ""category"": ""milling"", ""process"": ""thickness_planer"", ""side"": ""min""}"
walnut-13-zmax,surface,walnut-13-z1,walnut-13-z2;walnut-13-zmax-loss,"[83000, 195000, 32000]","{""walnut-13-z2"": [83000, 195000, 27000], ""walnut-13-zmax-loss"": [83000, 195000, 5000]}","{""amount_um"": 5000, ""axis"": 2, ""category"": ""milling"", ""process"": ""thickness_planer"", ""side"": ""max""}"
walnut-13-xmin,surface,walnut-13-z2,walnut-13-x1;walnut-13-xmin-loss,"[83000, 195000, 27000]","{""walnut-13-x1"": [82000, 195000, 27000], ""walnut-13-xmin-loss"": [1000, 195000, 27000]}","{""amount_um"": 1000, ""axis"": 0, ""category"": ""milling"", ""process"": ""jointer"", ""side"": ""min""}"
walnut-13-xmax,surface,walnut-13-x1,walnut-13-x2;walnut-13-xmax-loss,"[82000, 195000, 27000]","{""walnut-13-x2"": [81000, 195000, 27000], ""walnut-13-xmax-loss"": [1000, 195000, 27000]}","{""amount_um"": 1000, ""axis"": 0, ""category"": ""milling"", ""process"": ""jointer"", ""side"": ""max""}"
walnut-13-rip,cut,walnut-13-x2,walnut-13-pre;walnut-13-rip-off,"[81000, 195000, 27000]","{""walnut-13-pre"": [26000, 195000, 27000], ""walnut-13-rip-off"": [52000, 195000, 27000]}","{""axis"": 0, ""category"": ""other_offcuts"", ""kerf_um"": 3000, ""kerf_volume_um3"": 15795000000000, ""retained_side"": ""min"", ""retained_um"": 26000, ""tool"": ""saw""}"
walnut-13-joint,surface,walnut-13-pre,panel-5-strip-2;walnut-13-joint-loss,"[26000, 195000, 27000]","{""panel-5-strip-2"": [25000, 195000, 27000], ""walnut-13-joint-loss"": [1000, 195000, 27000]}","{""amount_um"": 1000, ""axis"": 0, ""category"": ""milling"", ""process"": ""jointer"", ""side"": ""max""}"
walnut-14-separate,cut,walnut-14,walnut-14-window;walnut-14-reserve,"[83000, 419000, 37000]","{""walnut-14-reserve"": [83000, 196000, 37000], ""walnut-14-window"": [83000, 220000, 37000]}","{""axis"": 1, ""category"": ""other_offcuts"", ""kerf_um"": 3000, ""kerf_volume_um3"": 9213000000000, ""retained_side"": ""min"", ""retained_um"": 220000, ""tool"": ""saw""}"
walnut-14-end-min,cut,walnut-14-window,walnut-14-end1;walnut-14-end-min-off,"[83000, 220000, 37000]","{""walnut-14-end-min-off"": [83000, 8000, 37000], ""walnut-14-end1"": [83000, 209000, 37000]}","{""axis"": 1, ""category"": ""trim"", ""kerf_um"": 3000, ""kerf_volume_um3"": 9213000000000, ""retained_side"": ""max"", ""retained_um"": 209000, ""tool"": ""saw""}"
walnut-14-end-max,cut,walnut-14-end1,walnut-14-blank;walnut-14-end-max-off,"[83000, 209000, 37000]","{""walnut-14-blank"": [83000, 195000, 37000], ""walnut-14-end-max-off"": [83000, 11000, 37000]}","{""axis"": 1, ""category"": ""trim"", ""kerf_um"": 3000, ""kerf_volume_um3"": 9213000000000, ""retained_side"": ""min"", ""retained_um"": 195000, ""tool"": ""saw""}"
walnut-14-zmin,surface,walnut-14-blank,walnut-14-z1;walnut-14-zmin-loss,"[83000, 195000, 37000]","{""walnut-14-z1"": [83000, 195000, 32000], ""walnut-14-zmin-loss"": [83000, 195000, 5000]}","{""amount_um"": 5000, ""axis"": 2, ""category"": ""milling"", ""process"": ""thickness_planer"", ""side"": ""min""}"
walnut-14-zmax,surface,walnut-14-z1,walnut-14-z2;walnut-14-zmax-loss,"[83000, 195000, 32000]","{""walnut-14-z2"": [83000, 195000, 27000], ""walnut-14-zmax-loss"": [83000, 195000, 5000]}","{""amount_um"": 5000, ""axis"": 2, ""category"": ""milling"", ""process"": ""thickness_planer"", ""side"": ""max""}"
walnut-14-xmin,surface,walnut-14-z2,walnut-14-x1;walnut-14-xmin-loss,"[83000, 195000, 27000]","{""walnut-14-x1"": [82000, 195000, 27000], ""walnut-14-xmin-loss"": [1000, 195000, 27000]}","{""amount_um"": 1000, ""axis"": 0, ""category"": ""milling"", ""process"": ""jointer"", ""side"": ""min""}"
walnut-14-xmax,surface,walnut-14-x1,walnut-14-x2;walnut-14-xmax-loss,"[82000, 195000, 27000]","{""walnut-14-x2"": [81000, 195000, 27000], ""walnut-14-xmax-loss"": [1000, 195000, 27000]}","{""amount_um"": 1000, ""axis"": 0, ""category"": ""milling"", ""process"": ""jointer"", ""side"": ""max""}"
walnut-14-rip,cut,walnut-14-x2,walnut-14-pre;walnut-14-rip-off,"[81000, 195000, 27000]","{""walnut-14-pre"": [26000, 195000, 27000], ""walnut-14-rip-off"": [52000, 195000, 27000]}","{""axis"": 0, ""category"": ""other_offcuts"", ""kerf_um"": 3000, ""kerf_volume_um3"": 15795000000000, ""retained_side"": ""min"", ""retained_um"": 26000, ""tool"": ""saw""}"
walnut-14-joint,surface,walnut-14-pre,panel-5-strip-3;walnut-14-joint-loss,"[26000, 195000, 27000]","{""panel-5-strip-3"": [25000, 195000, 27000], ""walnut-14-joint-loss"": [1000, 195000, 27000]}","{""amount_um"": 1000, ""axis"": 0, ""category"": ""milling"", ""process"": ""jointer"", ""side"": ""max""}"
walnut-15-separate,cut,walnut-15,walnut-15-window;walnut-15-reserve,"[83000, 419000, 37000]","{""walnut-15-reserve"": [83000, 196000, 37000], ""walnut-15-window"": [83000, 220000, 37000]}","{""axis"": 1, ""category"": ""other_offcuts"", ""kerf_um"": 3000, ""kerf_volume_um3"": 9213000000000, ""retained_side"": ""min"", ""retained_um"": 220000, ""tool"": ""saw""}"
walnut-15-end-min,cut,walnut-15-window,walnut-15-end1;walnut-15-end-min-off,"[83000, 220000, 37000]","{""walnut-15-end-min-off"": [83000, 8000, 37000], ""walnut-15-end1"": [83000, 209000, 37000]}","{""axis"": 1, ""category"": ""trim"", ""kerf_um"": 3000, ""kerf_volume_um3"": 9213000000000, ""retained_side"": ""max"", ""retained_um"": 209000, ""tool"": ""saw""}"
walnut-15-end-max,cut,walnut-15-end1,walnut-15-blank;walnut-15-end-max-off,"[83000, 209000, 37000]","{""walnut-15-blank"": [83000, 195000, 37000], ""walnut-15-end-max-off"": [83000, 11000, 37000]}","{""axis"": 1, ""category"": ""trim"", ""kerf_um"": 3000, ""kerf_volume_um3"": 9213000000000, ""retained_side"": ""min"", ""retained_um"": 195000, ""tool"": ""saw""}"
walnut-15-zmin,surface,walnut-15-blank,walnut-15-z1;walnut-15-zmin-loss,"[83000, 195000, 37000]","{""walnut-15-z1"": [83000, 195000, 32000], ""walnut-15-zmin-loss"": [83000, 195000, 5000]}","{""amount_um"": 5000, ""axis"": 2, ""category"": ""milling"", ""process"": ""thickness_planer"", ""side"": ""min""}"
walnut-15-zmax,surface,walnut-15-z1,walnut-15-z2;walnut-15-zmax-loss,"[83000, 195000, 32000]","{""walnut-15-z2"": [83000, 195000, 27000], ""walnut-15-zmax-loss"": [83000, 195000, 5000]}","{""amount_um"": 5000, ""axis"": 2, ""category"": ""milling"", ""process"": ""thickness_planer"", ""side"": ""max""}"
walnut-15-xmin,surface,walnut-15-z2,walnut-15-x1;walnut-15-xmin-loss,"[83000, 195000, 27000]","{""walnut-15-x1"": [82000, 195000, 27000], ""walnut-15-xmin-loss"": [1000, 195000, 27000]}","{""amount_um"": 1000, ""axis"": 0, ""category"": ""milling"", ""process"": ""jointer"", ""side"": ""min""}"
walnut-15-xmax,surface,walnut-15-x1,walnut-15-x2;walnut-15-xmax-loss,"[82000, 195000, 27000]","{""walnut-15-x2"": [81000, 195000, 27000], ""walnut-15-xmax-loss"": [1000, 195000, 27000]}","{""amount_um"": 1000, ""axis"": 0, ""category"": ""milling"", ""process"": ""jointer"", ""side"": ""max""}"
walnut-15-rip,cut,walnut-15-x2,walnut-15-pre;walnut-15-rip-off,"[81000, 195000, 27000]","{""walnut-15-pre"": [26000, 195000, 27000], ""walnut-15-rip-off"": [52000, 195000, 27000]}","{""axis"": 0, ""category"": ""other_offcuts"", ""kerf_um"": 3000, ""kerf_volume_um3"": 15795000000000, ""retained_side"": ""min"", ""retained_um"": 26000, ""tool"": ""saw""}"
walnut-15-joint,surface,walnut-15-pre,panel-5-strip-4;walnut-15-joint-loss,"[26000, 195000, 27000]","{""panel-5-strip-4"": [25000, 195000, 27000], ""walnut-15-joint-loss"": [1000, 195000, 27000]}","{""amount_um"": 1000, ""axis"": 0, ""category"": ""milling"", ""process"": ""jointer"", ""side"": ""max""}"
maple-39-separate,cut,maple-39,maple-39-window;maple-39-reserve,"[108000, 419000, 33000]","{""maple-39-reserve"": [108000, 196000, 33000], ""maple-39-window"": [108000, 220000, 33000]}","{""axis"": 1, ""category"": ""other_offcuts"", ""kerf_um"": 3000, ""kerf_volume_um3"": 10692000000000, ""retained_side"": ""min"", ""retained_um"": 220000, ""tool"": ""saw""}"
maple-39-end-min,cut,maple-39-window,maple-39-end1;maple-39-end-min-off,"[108000, 220000, 33000]","{""maple-39-end-min-off"": [108000, 8000, 33000], ""maple-39-end1"": [108000, 209000, 33000]}","{""axis"": 1, ""category"": ""trim"", ""kerf_um"": 3000, ""kerf_volume_um3"": 10692000000000, ""retained_side"": ""max"", ""retained_um"": 209000, ""tool"": ""saw""}"
maple-39-end-max,cut,maple-39-end1,maple-39-blank;maple-39-end-max-off,"[108000, 209000, 33000]","{""maple-39-blank"": [108000, 195000, 33000], ""maple-39-end-max-off"": [108000, 11000, 33000]}","{""axis"": 1, ""category"": ""trim"", ""kerf_um"": 3000, ""kerf_volume_um3"": 10692000000000, ""retained_side"": ""min"", ""retained_um"": 195000, ""tool"": ""saw""}"
maple-39-zmin,surface,maple-39-blank,maple-39-z1;maple-39-zmin-loss,"[108000, 195000, 33000]","{""maple-39-z1"": [108000, 195000, 30000], ""maple-39-zmin-loss"": [108000, 195000, 3000]}","{""amount_um"": 3000, ""axis"": 2, ""category"": ""milling"", ""process"": ""thickness_planer"", ""side"": ""min""}"
maple-39-zmax,surface,maple-39-z1,maple-39-z2;maple-39-zmax-loss,"[108000, 195000, 30000]","{""maple-39-z2"": [108000, 195000, 27000], ""maple-39-zmax-loss"": [108000, 195000, 3000]}","{""amount_um"": 3000, ""axis"": 2, ""category"": ""milling"", ""process"": ""thickness_planer"", ""side"": ""max""}"
maple-39-xmin,surface,maple-39-z2,maple-39-x1;maple-39-xmin-loss,"[108000, 195000, 27000]","{""maple-39-x1"": [107000, 195000, 27000], ""maple-39-xmin-loss"": [1000, 195000, 27000]}","{""amount_um"": 1000, ""axis"": 0, ""category"": ""milling"", ""process"": ""jointer"", ""side"": ""min""}"
maple-39-xmax,surface,maple-39-x1,maple-39-x2;maple-39-xmax-loss,"[107000, 195000, 27000]","{""maple-39-x2"": [106000, 195000, 27000], ""maple-39-xmax-loss"": [1000, 195000, 27000]}","{""amount_um"": 1000, ""axis"": 0, ""category"": ""milling"", ""process"": ""jointer"", ""side"": ""max""}"
maple-39-rip,cut,maple-39-x2,maple-39-pre;maple-39-rip-off,"[106000, 195000, 27000]","{""maple-39-pre"": [26000, 195000, 27000], ""maple-39-rip-off"": [77000, 195000, 27000]}","{""axis"": 0, ""category"": ""other_offcuts"", ""kerf_um"": 3000, ""kerf_volume_um3"": 15795000000000, ""retained_side"": ""min"", ""retained_um"": 26000, ""tool"": ""saw""}"
maple-39-joint,surface,maple-39-pre,panel-5-strip-5;maple-39-joint-loss,"[26000, 195000, 27000]","{""maple-39-joint-loss"": [1000, 195000, 27000], ""panel-5-strip-5"": [25000, 195000, 27000]}","{""amount_um"": 1000, ""axis"": 0, ""category"": ""milling"", ""process"": ""jointer"", ""side"": ""max""}"
maple-40-separate,cut,maple-40,maple-40-window;maple-40-reserve,"[108000, 419000, 33000]","{""maple-40-reserve"": [108000, 196000, 33000], ""maple-40-window"": [108000, 220000, 33000]}","{""axis"": 1, ""category"": ""other_offcuts"", ""kerf_um"": 3000, ""kerf_volume_um3"": 10692000000000, ""retained_side"": ""min"", ""retained_um"": 220000, ""tool"": ""saw""}"
maple-40-end-min,cut,maple-40-window,maple-40-end1;maple-40-end-min-off,"[108000, 220000, 33000]","{""maple-40-end-min-off"": [108000, 8000, 33000], ""maple-40-end1"": [108000, 209000, 33000]}","{""axis"": 1, ""category"": ""trim"", ""kerf_um"": 3000, ""kerf_volume_um3"": 10692000000000, ""retained_side"": ""max"", ""retained_um"": 209000, ""tool"": ""saw""}"
maple-40-end-max,cut,maple-40-end1,maple-40-blank;maple-40-end-max-off,"[108000, 209000, 33000]","{""maple-40-blank"": [108000, 195000, 33000], ""maple-40-end-max-off"": [108000, 11000, 33000]}","{""axis"": 1, ""category"": ""trim"", ""kerf_um"": 3000, ""kerf_volume_um3"": 10692000000000, ""retained_side"": ""min"", ""retained_um"": 195000, ""tool"": ""saw""}"
maple-40-zmin,surface,maple-40-blank,maple-40-z1;maple-40-zmin-loss,"[108000, 195000, 33000]","{""maple-40-z1"": [108000, 195000, 30000], ""maple-40-zmin-loss"": [108000, 195000, 3000]}","{""amount_um"": 3000, ""axis"": 2, ""category"": ""milling"", ""process"": ""thickness_planer"", ""side"": ""min""}"
maple-40-zmax,surface,maple-40-z1,maple-40-z2;maple-40-zmax-loss,"[108000, 195000, 30000]","{""maple-40-z2"": [108000, 195000, 27000], ""maple-40-zmax-loss"": [108000, 195000, 3000]}","{""amount_um"": 3000, ""axis"": 2, ""category"": ""milling"", ""process"": ""thickness_planer"", ""side"": ""max""}"
maple-40-xmin,surface,maple-40-z2,maple-40-x1;maple-40-xmin-loss,"[108000, 195000, 27000]","{""maple-40-x1"": [107000, 195000, 27000], ""maple-40-xmin-loss"": [1000, 195000, 27000]}","{""amount_um"": 1000, ""axis"": 0, ""category"": ""milling"", ""process"": ""jointer"", ""side"": ""min""}"
maple-40-xmax,surface,maple-40-x1,maple-40-x2;maple-40-xmax-loss,"[107000, 195000, 27000]","{""maple-40-x2"": [106000, 195000, 27000], ""maple-40-xmax-loss"": [1000, 195000, 27000]}","{""amount_um"": 1000, ""axis"": 0, ""category"": ""milling"", ""process"": ""jointer"", ""side"": ""max""}"
maple-40-rip,cut,maple-40-x2,maple-40-pre;maple-40-rip-off,"[106000, 195000, 27000]","{""maple-40-pre"": [26000, 195000, 27000], ""maple-40-rip-off"": [77000, 195000, 27000]}","{""axis"": 0, ""category"": ""other_offcuts"", ""kerf_um"": 3000, ""kerf_volume_um3"": 15795000000000, ""retained_side"": ""min"", ""retained_um"": 26000, ""tool"": ""saw""}"
maple-40-joint,surface,maple-40-pre,panel-5-strip-6;maple-40-joint-loss,"[26000, 195000, 27000]","{""maple-40-joint-loss"": [1000, 195000, 27000], ""panel-5-strip-6"": [25000, 195000, 27000]}","{""amount_um"": 1000, ""axis"": 0, ""category"": ""milling"", ""process"": ""jointer"", ""side"": ""max""}"
walnut-16-separate,cut,walnut-16,walnut-16-window;walnut-16-reserve,"[83000, 419000, 37000]","{""walnut-16-reserve"": [83000, 196000, 37000], ""walnut-16-window"": [83000, 220000, 37000]}","{""axis"": 1, ""category"": ""other_offcuts"", ""kerf_um"": 3000, ""kerf_volume_um3"": 9213000000000, ""retained_side"": ""min"", ""retained_um"": 220000, ""tool"": ""saw""}"
walnut-16-end-min,cut,walnut-16-window,walnut-16-end1;walnut-16-end-min-off,"[83000, 220000, 37000]","{""walnut-16-end-min-off"": [83000, 8000, 37000], ""walnut-16-end1"": [83000, 209000, 37000]}","{""axis"": 1, ""category"": ""trim"", ""kerf_um"": 3000, ""kerf_volume_um3"": 9213000000000, ""retained_side"": ""max"", ""retained_um"": 209000, ""tool"": ""saw""}"
walnut-16-end-max,cut,walnut-16-end1,walnut-16-blank;walnut-16-end-max-off,"[83000, 209000, 37000]","{""walnut-16-blank"": [83000, 195000, 37000], ""walnut-16-end-max-off"": [83000, 11000, 37000]}","{""axis"": 1, ""category"": ""trim"", ""kerf_um"": 3000, ""kerf_volume_um3"": 9213000000000, ""retained_side"": ""min"", ""retained_um"": 195000, ""tool"": ""saw""}"
walnut-16-zmin,surface,walnut-16-blank,walnut-16-z1;walnut-16-zmin-loss,"[83000, 195000, 37000]","{""walnut-16-z1"": [83000, 195000, 32000], ""walnut-16-zmin-loss"": [83000, 195000, 5000]}","{""amount_um"": 5000, ""axis"": 2, ""category"": ""milling"", ""process"": ""thickness_planer"", ""side"": ""min""}"
walnut-16-zmax,surface,walnut-16-z1,walnut-16-z2;walnut-16-zmax-loss,"[83000, 195000, 32000]","{""walnut-16-z2"": [83000, 195000, 27000], ""walnut-16-zmax-loss"": [83000, 195000, 5000]}","{""amount_um"": 5000, ""axis"": 2, ""category"": ""milling"", ""process"": ""thickness_planer"", ""side"": ""max""}"
walnut-16-xmin,surface,walnut-16-z2,walnut-16-x1;walnut-16-xmin-loss,"[83000, 195000, 27000]","{""walnut-16-x1"": [82000, 195000, 27000], ""walnut-16-xmin-loss"": [1000, 195000, 27000]}","{""amount_um"": 1000, ""axis"": 0, ""category"": ""milling"", ""process"": ""jointer"", ""side"": ""min""}"
walnut-16-xmax,surface,walnut-16-x1,walnut-16-x2;walnut-16-xmax-loss,"[82000, 195000, 27000]","{""walnut-16-x2"": [81000, 195000, 27000], ""walnut-16-xmax-loss"": [1000, 195000, 27000]}","{""amount_um"": 1000, ""axis"": 0, ""category"": ""milling"", ""process"": ""jointer"", ""side"": ""max""}"
walnut-16-rip,cut,walnut-16-x2,walnut-16-pre;walnut-16-rip-off,"[81000, 195000, 27000]","{""walnut-16-pre"": [26000, 195000, 27000], ""walnut-16-rip-off"": [52000, 195000, 27000]}","{""axis"": 0, ""category"": ""other_offcuts"", ""kerf_um"": 3000, ""kerf_volume_um3"": 15795000000000, ""retained_side"": ""min"", ""retained_um"": 26000, ""tool"": ""saw""}"
walnut-16-joint,surface,walnut-16-pre,panel-5-strip-7;walnut-16-joint-loss,"[26000, 195000, 27000]","{""panel-5-strip-7"": [25000, 195000, 27000], ""walnut-16-joint-loss"": [1000, 195000, 27000]}","{""amount_um"": 1000, ""axis"": 0, ""category"": ""milling"", ""process"": ""jointer"", ""side"": ""max""}"
walnut-17-separate,cut,walnut-17,walnut-17-window;walnut-17-reserve,"[83000, 419000, 37000]","{""walnut-17-reserve"": [83000, 196000, 37000], ""walnut-17-window"": [83000, 220000, 37000]}","{""axis"": 1, ""category"": ""other_offcuts"", ""kerf_um"": 3000, ""kerf_volume_um3"": 9213000000000, ""retained_side"": ""min"", ""retained_um"": 220000, ""tool"": ""saw""}"
walnut-17-end-min,cut,walnut-17-window,walnut-17-end1;walnut-17-end-min-off,"[83000, 220000, 37000]","{""walnut-17-end-min-off"": [83000, 8000, 37000], ""walnut-17-end1"": [83000, 209000, 37000]}","{""axis"": 1, ""category"": ""trim"", ""kerf_um"": 3000, ""kerf_volume_um3"": 9213000000000, ""retained_side"": ""max"", ""retained_um"": 209000, ""tool"": ""saw""}"
walnut-17-end-max,cut,walnut-17-end1,walnut-17-blank;walnut-17-end-max-off,"[83000, 209000, 37000]","{""walnut-17-blank"": [83000, 195000, 37000], ""walnut-17-end-max-off"": [83000, 11000, 37000]}","{""axis"": 1, ""category"": ""trim"", ""kerf_um"": 3000, ""kerf_volume_um3"": 9213000000000, ""retained_side"": ""min"", ""retained_um"": 195000, ""tool"": ""saw""}"
walnut-17-zmin,surface,walnut-17-blank,walnut-17-z1;walnut-17-zmin-loss,"[83000, 195000, 37000]","{""walnut-17-z1"": [83000, 195000, 32000], ""walnut-17-zmin-loss"": [83000, 195000, 5000]}","{""amount_um"": 5000, ""axis"": 2, ""category"": ""milling"", ""process"": ""thickness_planer"", ""side"": ""min""}"
walnut-17-zmax,surface,walnut-17-z1,walnut-17-z2;walnut-17-zmax-loss,"[83000, 195000, 32000]","{""walnut-17-z2"": [83000, 195000, 27000], ""walnut-17-zmax-loss"": [83000, 195000, 5000]}","{""amount_um"": 5000, ""axis"": 2, ""category"": ""milling"", ""process"": ""thickness_planer"", ""side"": ""max""}"
walnut-17-xmin,surface,walnut-17-z2,walnut-17-x1;walnut-17-xmin-loss,"[83000, 195000, 27000]","{""walnut-17-x1"": [82000, 195000, 27000], ""walnut-17-xmin-loss"": [1000, 195000, 27000]}","{""amount_um"": 1000, ""axis"": 0, ""category"": ""milling"", ""process"": ""jointer"", ""side"": ""min""}"
walnut-17-xmax,surface,walnut-17-x1,walnut-17-x2;walnut-17-xmax-loss,"[82000, 195000, 27000]","{""walnut-17-x2"": [81000, 195000, 27000], ""walnut-17-xmax-loss"": [1000, 195000, 27000]}","{""amount_um"": 1000, ""axis"": 0, ""category"": ""milling"", ""process"": ""jointer"", ""side"": ""max""}"
walnut-17-rip,cut,walnut-17-x2,walnut-17-pre;walnut-17-rip-off,"[81000, 195000, 27000]","{""walnut-17-pre"": [26000, 195000, 27000], ""walnut-17-rip-off"": [52000, 195000, 27000]}","{""axis"": 0, ""category"": ""other_offcuts"", ""kerf_um"": 3000, ""kerf_volume_um3"": 15795000000000, ""retained_side"": ""min"", ""retained_um"": 26000, ""tool"": ""saw""}"
walnut-17-joint,surface,walnut-17-pre,panel-5-strip-8;walnut-17-joint-loss,"[26000, 195000, 27000]","{""panel-5-strip-8"": [25000, 195000, 27000], ""walnut-17-joint-loss"": [1000, 195000, 27000]}","{""amount_um"": 1000, ""axis"": 0, ""category"": ""milling"", ""process"": ""jointer"", ""side"": ""max""}"
walnut-18-separate,cut,walnut-18,walnut-18-window;walnut-18-reserve,"[83000, 419000, 37000]","{""walnut-18-reserve"": [83000, 196000, 37000], ""walnut-18-window"": [83000, 220000, 37000]}","{""axis"": 1, ""category"": ""other_offcuts"", ""kerf_um"": 3000, ""kerf_volume_um3"": 9213000000000, ""retained_side"": ""min"", ""retained_um"": 220000, ""tool"": ""saw""}"
walnut-18-end-min,cut,walnut-18-window,walnut-18-end1;walnut-18-end-min-off,"[83000, 220000, 37000]","{""walnut-18-end-min-off"": [83000, 8000, 37000], ""walnut-18-end1"": [83000, 209000, 37000]}","{""axis"": 1, ""category"": ""trim"", ""kerf_um"": 3000, ""kerf_volume_um3"": 9213000000000, ""retained_side"": ""max"", ""retained_um"": 209000, ""tool"": ""saw""}"
walnut-18-end-max,cut,walnut-18-end1,walnut-18-blank;walnut-18-end-max-off,"[83000, 209000, 37000]","{""walnut-18-blank"": [83000, 195000, 37000], ""walnut-18-end-max-off"": [83000, 11000, 37000]}","{""axis"": 1, ""category"": ""trim"", ""kerf_um"": 3000, ""kerf_volume_um3"": 9213000000000, ""retained_side"": ""min"", ""retained_um"": 195000, ""tool"": ""saw""}"
walnut-18-zmin,surface,walnut-18-blank,walnut-18-z1;walnut-18-zmin-loss,"[83000, 195000, 37000]","{""walnut-18-z1"": [83000, 195000, 32000], ""walnut-18-zmin-loss"": [83000, 195000, 5000]}","{""amount_um"": 5000, ""axis"": 2, ""category"": ""milling"", ""process"": ""thickness_planer"", ""side"": ""min""}"
walnut-18-zmax,surface,walnut-18-z1,walnut-18-z2;walnut-18-zmax-loss,"[83000, 195000, 32000]","{""walnut-18-z2"": [83000, 195000, 27000], ""walnut-18-zmax-loss"": [83000, 195000, 5000]}","{""amount_um"": 5000, ""axis"": 2, ""category"": ""milling"", ""process"": ""thickness_planer"", ""side"": ""max""}"
walnut-18-xmin,surface,walnut-18-z2,walnut-18-x1;walnut-18-xmin-loss,"[83000, 195000, 27000]","{""walnut-18-x1"": [82000, 195000, 27000], ""walnut-18-xmin-loss"": [1000, 195000, 27000]}","{""amount_um"": 1000, ""axis"": 0, ""category"": ""milling"", ""process"": ""jointer"", ""side"": ""min""}"
walnut-18-xmax,surface,walnut-18-x1,walnut-18-x2;walnut-18-xmax-loss,"[82000, 195000, 27000]","{""walnut-18-x2"": [81000, 195000, 27000], ""walnut-18-xmax-loss"": [1000, 195000, 27000]}","{""amount_um"": 1000, ""axis"": 0, ""category"": ""milling"", ""process"": ""jointer"", ""side"": ""max""}"
walnut-18-rip,cut,walnut-18-x2,walnut-18-pre;walnut-18-rip-off,"[81000, 195000, 27000]","{""walnut-18-pre"": [26000, 195000, 27000], ""walnut-18-rip-off"": [52000, 195000, 27000]}","{""axis"": 0, ""category"": ""other_offcuts"", ""kerf_um"": 3000, ""kerf_volume_um3"": 15795000000000, ""retained_side"": ""min"", ""retained_um"": 26000, ""tool"": ""saw""}"
walnut-18-joint,surface,walnut-18-pre,panel-5-strip-9;walnut-18-joint-loss,"[26000, 195000, 27000]","{""panel-5-strip-9"": [25000, 195000, 27000], ""walnut-18-joint-loss"": [1000, 195000, 27000]}","{""amount_um"": 1000, ""axis"": 0, ""category"": ""milling"", ""process"": ""jointer"", ""side"": ""max""}"
maple-41-separate,cut,maple-41,maple-41-window;maple-41-reserve,"[108000, 419000, 33000]","{""maple-41-reserve"": [108000, 196000, 33000], ""maple-41-window"": [108000, 220000, 33000]}","{""axis"": 1, ""category"": ""other_offcuts"", ""kerf_um"": 3000, ""kerf_volume_um3"": 10692000000000, ""retained_side"": ""min"", ""retained_um"": 220000, ""tool"": ""saw""}"
maple-41-end-min,cut,maple-41-window,maple-41-end1;maple-41-end-min-off,"[108000, 220000, 33000]","{""maple-41-end-min-off"": [108000, 8000, 33000], ""maple-41-end1"": [108000, 209000, 33000]}","{""axis"": 1, ""category"": ""trim"", ""kerf_um"": 3000, ""kerf_volume_um3"": 10692000000000, ""retained_side"": ""max"", ""retained_um"": 209000, ""tool"": ""saw""}"
maple-41-end-max,cut,maple-41-end1,maple-41-blank;maple-41-end-max-off,"[108000, 209000, 33000]","{""maple-41-blank"": [108000, 195000, 33000], ""maple-41-end-max-off"": [108000, 11000, 33000]}","{""axis"": 1, ""category"": ""trim"", ""kerf_um"": 3000, ""kerf_volume_um3"": 10692000000000, ""retained_side"": ""min"", ""retained_um"": 195000, ""tool"": ""saw""}"
maple-41-zmin,surface,maple-41-blank,maple-41-z1;maple-41-zmin-loss,"[108000, 195000, 33000]","{""maple-41-z1"": [108000, 195000, 30000], ""maple-41-zmin-loss"": [108000, 195000, 3000]}","{""amount_um"": 3000, ""axis"": 2, ""category"": ""milling"", ""process"": ""thickness_planer"", ""side"": ""min""}"
maple-41-zmax,surface,maple-41-z1,maple-41-z2;maple-41-zmax-loss,"[108000, 195000, 30000]","{""maple-41-z2"": [108000, 195000, 27000], ""maple-41-zmax-loss"": [108000, 195000, 3000]}","{""amount_um"": 3000, ""axis"": 2, ""category"": ""milling"", ""process"": ""thickness_planer"", ""side"": ""max""}"
maple-41-xmin,surface,maple-41-z2,maple-41-x1;maple-41-xmin-loss,"[108000, 195000, 27000]","{""maple-41-x1"": [107000, 195000, 27000], ""maple-41-xmin-loss"": [1000, 195000, 27000]}","{""amount_um"": 1000, ""axis"": 0, ""category"": ""milling"", ""process"": ""jointer"", ""side"": ""min""}"
maple-41-xmax,surface,maple-41-x1,maple-41-x2;maple-41-xmax-loss,"[107000, 195000, 27000]","{""maple-41-x2"": [106000, 195000, 27000], ""maple-41-xmax-loss"": [1000, 195000, 27000]}","{""amount_um"": 1000, ""axis"": 0, ""category"": ""milling"", ""process"": ""jointer"", ""side"": ""max""}"
maple-41-rip,cut,maple-41-x2,maple-41-pre;maple-41-rip-off,"[106000, 195000, 27000]","{""maple-41-pre"": [26000, 195000, 27000], ""maple-41-rip-off"": [77000, 195000, 27000]}","{""axis"": 0, ""category"": ""other_offcuts"", ""kerf_um"": 3000, ""kerf_volume_um3"": 15795000000000, ""retained_side"": ""min"", ""retained_um"": 26000, ""tool"": ""saw""}"
maple-41-joint,surface,maple-41-pre,panel-5-strip-10;maple-41-joint-loss,"[26000, 195000, 27000]","{""maple-41-joint-loss"": [1000, 195000, 27000], ""panel-5-strip-10"": [25000, 195000, 27000]}","{""amount_um"": 1000, ""axis"": 0, ""category"": ""milling"", ""process"": ""jointer"", ""side"": ""max""}"
maple-42-separate,cut,maple-42,maple-42-window;maple-42-reserve,"[108000, 419000, 33000]","{""maple-42-reserve"": [108000, 196000, 33000], ""maple-42-window"": [108000, 220000, 33000]}","{""axis"": 1, ""category"": ""other_offcuts"", ""kerf_um"": 3000, ""kerf_volume_um3"": 10692000000000, ""retained_side"": ""min"", ""retained_um"": 220000, ""tool"": ""saw""}"
maple-42-end-min,cut,maple-42-window,maple-42-end1;maple-42-end-min-off,"[108000, 220000, 33000]","{""maple-42-end-min-off"": [108000, 8000, 33000], ""maple-42-end1"": [108000, 209000, 33000]}","{""axis"": 1, ""category"": ""trim"", ""kerf_um"": 3000, ""kerf_volume_um3"": 10692000000000, ""retained_side"": ""max"", ""retained_um"": 209000, ""tool"": ""saw""}"
maple-42-end-max,cut,maple-42-end1,maple-42-blank;maple-42-end-max-off,"[108000, 209000, 33000]","{""maple-42-blank"": [108000, 195000, 33000], ""maple-42-end-max-off"": [108000, 11000, 33000]}","{""axis"": 1, ""category"": ""trim"", ""kerf_um"": 3000, ""kerf_volume_um3"": 10692000000000, ""retained_side"": ""min"", ""retained_um"": 195000, ""tool"": ""saw""}"
maple-42-zmin,surface,maple-42-blank,maple-42-z1;maple-42-zmin-loss,"[108000, 195000, 33000]","{""maple-42-z1"": [108000, 195000, 30000], ""maple-42-zmin-loss"": [108000, 195000, 3000]}","{""amount_um"": 3000, ""axis"": 2, ""category"": ""milling"", ""process"": ""thickness_planer"", ""side"": ""min""}"
maple-42-zmax,surface,maple-42-z1,maple-42-z2;maple-42-zmax-loss,"[108000, 195000, 30000]","{""maple-42-z2"": [108000, 195000, 27000], ""maple-42-zmax-loss"": [108000, 195000, 3000]}","{""amount_um"": 3000, ""axis"": 2, ""category"": ""milling"", ""process"": ""thickness_planer"", ""side"": ""max""}"
maple-42-xmin,surface,maple-42-z2,maple-42-x1;maple-42-xmin-loss,"[108000, 195000, 27000]","{""maple-42-x1"": [107000, 195000, 27000], ""maple-42-xmin-loss"": [1000, 195000, 27000]}","{""amount_um"": 1000, ""axis"": 0, ""category"": ""milling"", ""process"": ""jointer"", ""side"": ""min""}"
maple-42-xmax,surface,maple-42-x1,maple-42-x2;maple-42-xmax-loss,"[107000, 195000, 27000]","{""maple-42-x2"": [106000, 195000, 27000], ""maple-42-xmax-loss"": [1000, 195000, 27000]}","{""amount_um"": 1000, ""axis"": 0, ""category"": ""milling"", ""process"": ""jointer"", ""side"": ""max""}"
maple-42-rip,cut,maple-42-x2,maple-42-pre;maple-42-rip-off,"[106000, 195000, 27000]","{""maple-42-pre"": [26000, 195000, 27000], ""maple-42-rip-off"": [77000, 195000, 27000]}","{""axis"": 0, ""category"": ""other_offcuts"", ""kerf_um"": 3000, ""kerf_volume_um3"": 15795000000000, ""retained_side"": ""min"", ""retained_um"": 26000, ""tool"": ""saw""}"
maple-42-joint,surface,maple-42-pre,panel-5-strip-11;maple-42-joint-loss,"[26000, 195000, 27000]","{""maple-42-joint-loss"": [1000, 195000, 27000], ""panel-5-strip-11"": [25000, 195000, 27000]}","{""amount_um"": 1000, ""axis"": 0, ""category"": ""milling"", ""process"": ""jointer"", ""side"": ""max""}"
panel-5-glue,glue,panel-5-strip-0;panel-5-strip-1;panel-5-strip-2;panel-5-strip-3;panel-5-strip-4;panel-5-strip-5;panel-5-strip-6;panel-5-strip-7;panel-5-strip-8;panel-5-strip-9;panel-5-strip-10;panel-5-strip-11,panel-5-raw,"{""panel-5-strip-0"": [25000, 195000, 27000], ""panel-5-strip-1"": [25000, 195000, 27000], ""panel-5-strip-10"": [25000, 195000, 27000], ""panel-5-strip-11"": [25000, 195000, 27000], ""panel-5-strip-2"": [25000, 195000, 27000], ""panel-5-strip-3"": [25000, 195000, 27000], ""panel-5-strip-4"": [25000, 195000, 27000], ""panel-5-strip-5"": [25000, 195000, 27000], ""panel-5-strip-6"": [25000, 195000, 27000], ""panel-5-strip-7"": [25000, 195000, 27000], ""panel-5-strip-8"": [25000, 195000, 27000], ""panel-5-strip-9"": [25000, 195000, 27000]}","{""panel-5-raw"": [300000, 195000, 27000]}","{""axis"": 0, ""joint_count"": 11, ""negligible_glue_line"": true, ""prepared_faces"": true, ""stage"": ""first""}"
panel-5-zmin,surface,panel-5-raw,panel-5-z1;panel-5-zmin-loss,"[300000, 195000, 27000]","{""panel-5-z1"": [300000, 195000, 26000], ""panel-5-zmin-loss"": [300000, 195000, 1000]}","{""amount_um"": 1000, ""axis"": 2, ""category"": ""milling"", ""process"": ""thickness_planer"", ""side"": ""min""}"
panel-5-zmax,surface,panel-5-z1,panel-5-flat;panel-5-zmax-loss,"[300000, 195000, 26000]","{""panel-5-flat"": [300000, 195000, 25000], ""panel-5-zmax-loss"": [300000, 195000, 1000]}","{""amount_um"": 1000, ""axis"": 2, ""category"": ""milling"", ""process"": ""thickness_planer"", ""side"": ""max""}"
panel-5-slice-0,cut,panel-5-flat,slice-3;panel-5-remainder-0,"[300000, 195000, 25000]","{""panel-5-remainder-0"": [300000, 160000, 25000], ""slice-3"": [300000, 32000, 25000]}","{""axis"": 1, ""category"": ""other_offcuts"", ""kerf_um"": 3000, ""kerf_volume_um3"": 22500000000000, ""retained_side"": ""min"", ""retained_um"": 32000, ""tool"": ""saw""}"
row-3-rotate,rotate,slice-3,row-3,"[300000, 32000, 25000]","{""row-3"": [300000, 25000, 32000]}","{""perm"": [0, 2, 1], ""sign"": [1, -1, 1]}"
final-glue,glue,row-0;row-1;row-2;row-3;row-4;row-5;row-6;row-7;row-8;row-9;row-10;row-11,board-raw,"{""row-0"": [300000, 25000, 32000], ""row-1"": [300000, 25000, 32000], ""row-10"": [300000, 25000, 32000], ""row-11"": [300000, 25000, 32000], ""row-2"": [300000, 25000, 32000], ""row-3"": [300000, 25000, 32000], ""row-4"": [300000, 25000, 32000], ""row-5"": [300000, 25000, 32000], ""row-6"": [300000, 25000, 32000], ""row-7"": [300000, 25000, 32000], ""row-8"": [300000, 25000, 32000], ""row-9"": [300000, 25000, 32000]}","{""board-raw"": [300000, 300000, 32000]}","{""axis"": 1, ""joint_count"": 11, ""negligible_glue_line"": true, ""prepared_faces"": true, ""stage"": ""final""}"
final-zmin,surface,board-raw,board-z1;final-zmin-loss,"[300000, 300000, 32000]","{""board-z1"": [300000, 300000, 31000], ""final-zmin-loss"": [300000, 300000, 1000]}","{""amount_um"": 1000, ""axis"": 2, ""category"": ""milling"", ""process"": ""drum_sander"", ""side"": ""min""}"
final-zmax,surface,board-z1,board-flat;final-zmax-loss,"[300000, 300000, 31000]","{""board-flat"": [300000, 300000, 30000], ""final-zmax-loss"": [300000, 300000, 1000]}","{""amount_um"": 1000, ""axis"": 2, ""category"": ""milling"", ""process"": ""drum_sander"", ""side"": ""max""}"
final-x,cut,board-flat,board-x;final-x-off,"[300000, 300000, 30000]","{""board-x"": [290000, 300000, 30000], ""final-x-off"": [7000, 300000, 30000]}","{""axis"": 0, ""category"": ""trim"", ""kerf_um"": 3000, ""kerf_volume_um3"": 27000000000000, ""retained_side"": ""min"", ""retained_um"": 290000, ""tool"": ""saw""}"
final-y,cut,board-x,finished;final-y-off,"[290000, 300000, 30000]","{""final-y-off"": [290000, 7000, 30000], ""finished"": [290000, 290000, 30000]}","{""axis"": 1, ""category"": ""trim"", ""kerf_um"": 3000, ""kerf_volume_um3"": 26100000000000, ""retained_side"": ""min"", ""retained_um"": 290000, ""tool"": ""saw""}"
